movieId,tconst
1,tt0114709
2,tt0113497
3,tt0113228
5,tt0113041
6,tt0113277
7,tt0114319
9,tt0114576
10,tt0113189
11,tt0112346
12,tt0112896
13,tt0112453
14,tt0113987
15,tt0112760
16,tt0112641
17,tt0114388
18,tt0113101
19,tt0112281
20,tt0113845
21,tt0113161
22,tt0112722
23,tt0112401
24,tt0114168
25,tt0113627
27,tt0114011
29,tt0112682
31,tt0112792
32,tt0114746
34,tt0112431
36,tt0112818
38,tt0113442
39,tt0112697
41,tt0114279
42,tt0112819
44,tt0113855
45,tt0114681
47,tt0114369
48,tt0114148
50,tt0114814
52,tt0113819
57,tt0113321
58,tt0110877
60,tt0113419
61,tt0116260
62,tt0113862
63,tt0116126
65,tt0115683
69,tt0113118
70,tt0116367
72,tt0113537
76,tt0114367
78,tt0112744
79,tt0116731
81,tt0114660
86,tt0118158
88,tt0115697
89,tt0113972
92,tt0117002
93,tt0114825
94,tt0115639
95,tt0115759
97,tt0113247
100,tt0115907
101,tt0115734
104,tt0116483
105,tt0112579
107,tt0117110
110,tt0112573
111,tt0075314
112,tt0113326
122,tt0103859
123,tt0109424
125,tt0116324
135,tt0116130
140,tt0118055
141,tt0115685
145,tt0112442
147,tt0112461
150,tt0112384
151,tt0114287
153,tt0112462
154,tt0061395
157,tt0109370
158,tt0112642
159,tt0112688
160,tt0112715
161,tt0112740
162,tt0109508
163,tt0112851
164,tt0112857
165,tt0112864
166,tt0112887
168,tt0113071
169,tt0113114
170,tt0113243
172,tt0113481
173,tt0113492
175,tt0113540
176,tt0113677
177,tt0113690
180,tt0113749
181,tt0113820
185,tt0113957
186,tt0113986
188,tt0114194
190,tt0114323
191,tt0114345
193,tt0114436
194,tt0114478
195,tt0114496
196,tt0114508
198,tt0114558
199,tt0058450
202,tt0114702
203,tt0114682
204,tt0114781
207,tt0114887
208,tt0114898
213,tt0111579
214,tt0110882
215,tt0112471
216,tt0112508
218,tt0112571
219,tt0112757
223,tt0109445
224,tt0112883
225,tt0109635
227,tt0109676
229,tt0109579
230,tt0109642
231,tt0109686
232,tt0111797
233,tt0109759
235,tt0109707
236,tt0113117
239,tt0113198
246,tt0110057
247,tt0110005
249,tt0110116
250,tt0110006
252,tt0110099
253,tt0110148
256,tt0110216
257,tt0113501
259,tt0113552
260,tt0076759
261,tt0110367
262,tt0113670
265,tt0103994
266,tt0110322
267,tt0110443
272,tt0110428
273,tt0109836
277,tt0110527
280,tt0113870
281,tt0110684
282,tt0110638
288,tt0110632
289,tt0110737
290,tt0110729
292,tt0114069
293,tt0110413
296,tt0110912
300,tt0110932
302,tt0110963
303,tt0114214
306,tt0111495
307,tt0108394
308,tt0111507
313,tt0111333
315,tt0111255
316,tt0111282
317,tt0111070
318,tt0111161
319,tt0111149
322,tt0114594
326,tt0110081
327,tt0114614
328,tt0114608
329,tt0111280
332,tt0114852
333,tt0114694
337,tt0108550
338,tt0114857
339,tt0114924
340,tt0111667
342,tt0110598
344,tt0109040
345,tt0109045
347,tt0104779
348,tt0109348
349,tt0109444
350,tt0109446
351,tt0109484
353,tt0109506
355,tt0109813
356,tt0109830
357,tt0109831
358,tt0113305
361,tt0110167
362,tt0110213
364,tt0110357
365,tt0107426
366,tt0111686
367,tt0110475
368,tt0110478
370,tt0110622
371,tt0110771
372,tt0110950
373,tt0105226
374,tt0110989
376,tt0110997
377,tt0111257
379,tt0111438
380,tt0111503
381,tt0111693
382,tt0111742
383,tt0111756
390,tt0059170
393,tt0111301
405,tt0110027
407,tt0113409
409,tt0109035
410,tt0106220
412,tt0106226
413,tt0109068
415,tt0106292
419,tt0106400
420,tt0109254
423,tt0109303
424,tt0109305
426,tt0106452
428,tt0106489
431,tt0106519
432,tt0109439
434,tt0106582
435,tt0106598
436,tt0109456
440,tt0106673
441,tt0106677
442,tt0106697
446,tt0106332
448,tt0106881
450,tt0111732
453,tt0106941
454,tt0106918
455,tt0106965
456,tt0109842
457,tt0106977
458,tt0107004
459,tt0109890
464,tt0107076
466,tt0107144
468,tt0112966
469,tt0107151
471,tt0110074
474,tt0107206
475,tt0107207
477,tt0108551
479,tt0107286
480,tt0107290
481,tt0107302
482,tt0110265
485,tt0107362
489,tt0107478
490,tt0107497
491,tt0107501
492,tt0107507
493,tt0107554
494,tt0116253
495,tt0074102
497,tt0107616
500,tt0107614
501,tt0107653
502,tt0110657
504,tt0110678
506,tt0107756
507,tt0107808
508,tt0107818
509,tt0107822
510,tt0107840
514,tt0110955
515,tt0107943
516,tt0110971
517,tt0107969
519,tt0107978
520,tt0107977
521,tt0107983
522,tt0105275
524,tt0108002
527,tt0108052
529,tt0108065
531,tt0108071
532,tt0111127
533,tt0111143
534,tt0108101
535,tt0108122
538,tt0108149
539,tt0108160
540,tt0108162
541,tt0083658
542,tt0108186
543,tt0108174
544,tt0108238
546,tt0108255
551,tt0107688
552,tt0108333
553,tt0108358
555,tt0108399
558,tt0110763
562,tt0114906
567,tt0107315
575,tt0110366
585,tt0112572
586,tt0099785
587,tt0099653
588,tt0103639
589,tt0103064
590,tt0099348
592,tt0096895
593,tt0102926
594,tt0029583
595,tt0101414
596,tt0032910
597,tt0100405
599,tt0065214
605,tt0117247
608,tt0116282
609,tt0116552
610,tt0082509
611,tt0116514
616,tt0065421
617,tt0113083
627,tt0113613
628,tt0117381
632,tt0114671
637,tt0117608
647,tt0115956
648,tt0117060
653,tt0116136
661,tt0116683
662,tt0116287
665,tt0114787
668,tt0048473
670,tt0052572
671,tt0117128
673,tt0117705
674,tt0062711
680,tt0058898
694,tt0117774
704,tt0117420
707,tt0117107
708,tt0117979
709,tt0095776
714,tt0112817
718,tt0108500
719,tt0117108
724,tt0115963
733,tt0117500
735,tt0109592
736,tt0117998
737,tt0115624
741,tt0113568
742,tt0117894
743,tt0117723
748,tt0115571
750,tt0057012
757,tt0109688
760,tt0108211
761,tt0117331
762,tt0117765
765,tt0116669
778,tt0117951
780,tt0116629
781,tt0117737
782,tt0116277
783,tt0116583
784,tt0115798
785,tt0116778
786,tt0116213
788,tt0117218
798,tt0116040
799,tt0116365
800,tt0116905
802,tt0117333
804,tt0117628
805,tt0117913
830,tt0116313
832,tt0117438
836,tt0115857
837,tt0117008
838,tt0116191
839,tt0115986
841,tt0053459
842,tt0117826
849,tt0116225
851,tt0115632
852,tt0117918
858,tt0068646
861,tt0104558
866,tt0115736
879,tt0120004
880,tt0116654
886,tt0115783
891,tt0113253
898,tt0032904
899,tt0045152
900,tt0043278
901,tt0050419
902,tt0054698
903,tt0052357
904,tt0047396
905,tt0025316
906,tt0036855
908,tt0053125
909,tt0053604
910,tt0053291
911,tt0056923
912,tt0034583
913,tt0033870
914,tt0058385
915,tt0047437
916,tt0046250
918,tt0037059
919,tt0032138
920,tt0031381
922,tt0043014
923,tt0033467
924,tt0062622
926,tt0042192
927,tt0032143
928,tt0032976
929,tt0032484
930,tt0038787
931,tt0038109
932,tt0050105
933,tt0048728
934,tt0042451
935,tt0045537
936,tt0031725
937,tt0050658
938,tt0051658
940,tt0029843
942,tt0037008
943,tt0039420
944,tt0029162
945,tt0027125
946,tt0035446
947,tt0028010
948,tt0049261
949,tt0048028
950,tt0025878
951,tt0032599
952,tt0048960
953,tt0038650
954,tt0031679
955,tt0029947
965,tt0026029
968,tt0063350
969,tt0043265
971,tt0051459
973,tt0033891
986,tt0116329
990,tt0117011
991,tt0117039
994,tt0115678
996,tt0116830
998,tt0117603
999,tt0115438
1003,tt0116259
1004,tt0116421
1005,tt0116000
1006,tt0115862
1010,tt0064603
1012,tt0050798
1013,tt0055277
1014,tt0054195
1015,tt0107131
1017,tt0054357
1019,tt0046672
1020,tt0106611
1021,tt0109127
1022,tt0042332
1024,tt0038166
1025,tt0057546
1027,tt0102798
1028,tt0058331
1029,tt0033563
1030,tt0076538
1031,tt0066817
1032,tt0043274
1033,tt0082406
1034,tt0116361
1035,tt0059742
1036,tt0095016
1037,tt0104692
1041,tt0117589
1042,tt0117887
1046,tt0115640
1047,tt0116908
1049,tt0116409
1051,tt0117958
1057,tt0116242
1059,tt0117509
1060,tt0117802
1061,tt0117665
1073,tt0067992
1076,tt0055018
1077,tt0070707
1078,tt0066808
1079,tt0095159
1080,tt0079470
1081,tt0084865
1082,tt0068334
1083,tt0059243
1084,tt0061418
1086,tt0046912
1088,tt0092890
1089,tt0105236
1090,tt0091763
1091,tt0098627
1092,tt0103772
1093,tt0101761
1094,tt0104036
1095,tt0104348
1096,tt0084707
1097,tt0083866
1100,tt0099371
1101,tt0092099
1103,tt0048545
1104,tt0044081
1111,tt0117040
1120,tt0117318
1124,tt0082846
1125,tt0072081
1126,tt0101775
1127,tt0096754
1128,tt0080749
1129,tt0082340
1130,tt0082533
1131,tt0091288
1132,tt0091480
1135,tt0081375
1136,tt0071853
1147,tt0118147
1161,tt0078875
1171,tt0103850
1172,tt0095765
1173,tt0097108
1175,tt0101700
1176,tt0101765
1178,tt0050825
1179,tt0099703
1183,tt0116209
1184,tt0102426
1185,tt0097937
1186,tt0098724
1188,tt0105488
1189,tt0096257
1190,tt0101026
1192,tt0100332
1193,tt0073486
1194,tt0078446
1196,tt0080684
1197,tt0093779
1198,tt0082971
1199,tt0088846
1200,tt0090605
1201,tt0060196
1202,tt0094336
1203,tt0050083
1204,tt0056172
1206,tt0066921
1207,tt0056592
1208,tt0078788
1209,tt0064116
1210,tt0086190
1211,tt0093191
1212,tt0041959
1213,tt0099685
1214,tt0078748
1215,tt0106308
1216,tt0095250
1217,tt0089881
1218,tt0097202
1219,tt0054215
1220,tt0080455
1221,tt0071562
1222,tt0093058
1224,tt0097499
1225,tt0086879
1226,tt0045061
1227,tt0087843
1228,tt0081398
1230,tt0075686
1231,tt0086197
1232,tt0079944
1233,tt0082096
1234,tt0070735
1235,tt0067185
1236,tt0103130
1237,tt0050976
1238,tt0085859
1240,tt0088247
1241,tt0103873
1242,tt0097441
1243,tt0100519
1244,tt0079522
1245,tt0100150
1246,tt0097165
1247,tt0061722
1248,tt0052311
1249,tt0100263
1250,tt0050212
1251,tt0056801
1252,tt0071315
1253,tt0043456
1254,tt0040897
1255,tt0092610
1256,tt0023969
1257,tt0088794
1258,tt0081505
1259,tt0092005
1260,tt0022100
1261,tt0092991
1262,tt0057115
1263,tt0077416
1264,tt0082269
1265,tt0107048
1266,tt0105695
1267,tt0056218
1268,tt0100436
1269,tt0036613
1270,tt0088763
1271,tt0101921
1272,tt0066206
1273,tt0090967
1274,tt0094625
1275,tt0091203
1276,tt0061512
1277,tt0099334
1278,tt0072431
1279,tt0102536
1280,tt0101640
1281,tt0032553
1282,tt0032455
1283,tt0044706
1284,tt0038355
1285,tt0097493
1286,tt0081534
1287,tt0052618
1288,tt0088258
1289,tt0085809
1290,tt0094006
1291,tt0097576
1292,tt0078841
1293,tt0083987
1295,tt0096332
1296,tt0091867
1297,tt0089886
1298,tt0084503
1299,tt0087553
1300,tt0089606
1301,tt0049223
1302,tt0097351
1303,tt0073341
1304,tt0064115
1305,tt0087884
1307,tt0098635
1320,tt0103644
1321,tt0082010
1327,tt0078767
1330,tt0090655
1333,tt0056869
1334,tt0051418
1339,tt0103874
1340,tt0026138
1341,tt0074258
1342,tt0103919
1343,tt0101540
1344,tt0055824
1345,tt0074285
1346,tt0083722
1347,tt0087800
1348,tt0013442
1350,tt0075005
1353,tt0117057
1354,tt0115751
1355,tt0119791
1356,tt0117731
1357,tt0117631
1358,tt0117666
1359,tt0116705
1361,tt0117293
1366,tt0115988
1367,tt0115433
1370,tt0099423
1371,tt0079945
1372,tt0102975
1373,tt0098382
1374,tt0084726
1375,tt0088170
1376,tt0092007
1377,tt0103776
1378,tt0096487
1379,tt0100994
1380,tt0077631
1381,tt0084021
1382,tt0100114
1385,tt0105690
1387,tt0073195
1388,tt0077766
1389,tt0085750
1390,tt0117119
1391,tt0116996
1393,tt0116695
1394,tt0093822
1396,tt0105435
1399,tt0116999
1405,tt0115641
1406,tt0112769
1407,tt0117571
1408,tt0104691
1409,tt0117038
1411,tt0116477
1416,tt0116250
1419,tt0067959
1422,tt0119731
1425,tt0119115
1429,tt0116704
1431,tt0118708
1432,tt0119664
1438,tt0118928
1441,tt0106387
1446,tt0116790
1447,tt0119225
1449,tt0118111
1457,tt0119141
1459,tt0118548
1461,tt0120434
1464,tt0116922
1466,tt0119008
1474,tt0119432
1476,tt0119951
1479,tt0120053
1480,tt0120152
1483,tt0115964
1485,tt0119528
1487,tt0120094
1488,tt0118972
1497,tt0119013
1498,tt0119381
1499,tt0118615
1500,tt0119229
1513,tt0120032
1515,tt0120461
1517,tt0118655
1518,tt0118771
1526,tt0119109
1527,tt0119116
1537,tt0117615
1541,tt0118556
1542,tt0115744
1544,tt0119567
1552,tt0118880
1554,tt0114134
1556,tt0120179
1562,tt0118688
1566,tt0119282
1569,tt0119738
1572,tt0057345
1573,tt0119094
1580,tt0119654
1584,tt0118884
1586,tt0119173
1587,tt0082198
1588,tt0119190
1589,tt0118887
1590,tt0119081
1591,tt0120177
1592,tt0118570
1593,tt0119896
1594,tt0119361
1597,tt0118883
1598,tt0118966
1603,tt0119675
1604,tt0119695
1608,tt0118571
1609,tt0118531
1610,tt0099810
1611,tt0102494
1614,tt0119360
1615,tt0119051
1616,tt0119874
1617,tt0119488
1619,tt0120102
1620,tt0119468
1623,tt0120524
1625,tt0119174
1626,tt0119123
1627,tt0120399
1635,tt0119349
1639,tt0118842
1641,tt0119164
1643,tt0119280
1644,tt0119345
1645,tt0118971
1653,tt0119177
1655,tt0119891
1658,tt0119535
1660,tt0119080
1661,tt0119210
1663,tt0083131
1665,tt0118689
1667,tt0119592
1672,tt0119978
1673,tt0118749
1674,tt0090329
1676,tt0120201
1678,tt0107282
1680,tt0120148
1681,tt0119707
1682,tt0120382
1683,tt0120520
1686,tt0119994
1687,tt0119395
1688,tt0118617
1689,tt0120483
1690,tt0118583
1693,tt0118607
1694,tt0118632
1701,tt0118954
1702,tt0119137
1704,tt0119217
1707,tt0119303
1711,tt0119668
1713,tt0119715
1717,tt0120082
1719,tt0120255
1721,tt0120338
1722,tt0120347
1726,tt0119925
1727,tt0119314
1729,tt0119396
1730,tt0119485
1732,tt0118715
1735,tt0119223
1746,tt0120820
1747,tt0120885
1748,tt0118929
1752,tt0120696
1753,tt0120693
1754,tt0119099
1757,tt0112913
1760,tt0120185
1762,tt0118956
1769,tt0120008
1772,tt0118747
1777,tt0120888
1779,tt0120184
1784,tt0119822
1785,tt0099939
1791,tt0119594
1792,tt0120873
1799,tt0120241
1801,tt0120744
1805,tt0120890
1806,tt0125454
1809,tt0119250
1810,tt0119942
1821,tt0120772
1831,tt0120738
1833,tt0120749
1834,tt0120176
1835,tt0120632
1836,tt0120728
1840,tt0124718
1844,tt0118819
1845,tt0120906
1848,tt0118755
1858,tt0117786
1859,tt0120265
1860,tt0119448
1862,tt0120841
1866,tt0120609
1873,tt0119683
1876,tt0120647
1881,tt0120800
1882,tt0120685
1883,tt0118798
1884,tt0120669
1885,tt0120777
1887,tt0119053
1888,tt0119313
1889,tt0119375
1892,tt0120787
1894,tt0120828
1895,tt0127723
1900,tt0118849
1907,tt0120762
1909,tt0120902
1911,tt0118998
1912,tt0120780
1913,tt0073540
1914,tt0120321
1916,tt0118789
1917,tt0120591
1918,tt0122151
1920,tt0122718
1921,tt0138704
1923,tt0129387
1924,tt0052077
1927,tt0020629
1929,tt0022958
1931,tt0026752
1934,tt0030993
1936,tt0035093
1937,tt0036872
1938,tt0037884
1939,tt0036868
1940,tt0039416
1941,tt0040416
1942,tt0041113
1944,tt0045793
1945,tt0047296
1946,tt0048356
1947,tt0055614
1948,tt0057590
1949,tt0060665
1950,tt0061811
1951,tt0063385
1952,tt0064665
1953,tt0067116
1954,tt0075148
1955,tt0079417
1956,tt0081283
1957,tt0082158
1958,tt0086425
1959,tt0089755
1960,tt0093389
1961,tt0095953
1962,tt0097239
1963,tt0065063
1964,tt0067309
1965,tt0087995
1966,tt0100142
1967,tt0091369
1968,tt0088847
1969,tt0089686
1970,tt0093629
1971,tt0095742
1972,tt0097981
1973,tt0101917
1974,tt0080761
1975,tt0082418
1976,tt0083972
1977,tt0087298
1978,tt0089173
1979,tt0091080
1980,tt0095179
1981,tt0097388
1982,tt0077651
1983,tt0082495
1984,tt0085636
1985,tt0095271
1986,tt0097474
1987,tt0081383
1991,tt0094862
1992,tt0099253
1993,tt0103956
1994,tt0084516
1995,tt0091778
1996,tt0095889
1997,tt0070047
1998,tt0076009
1999,tt0099528
2000,tt0093409
2001,tt0097733
2002,tt0104714
2003,tt0087363
2004,tt0099700
2005,tt0089218
2006,tt0120746
2009,tt0070723
2010,tt0017136
2011,tt0096874
2012,tt0099088
2013,tt0069113
2014,tt0076054
2018,tt0034492
2019,tt0047478
2020,tt0094947
2021,tt0087182
2022,tt0095497
2023,tt0099674
2025,tt0119558
2026,tt0134619
2027,tt0120741
2028,tt0120815
2033,tt0088814
2034,tt0078869
2036,tt0109287
2042,tt0109520
2046,tt0091059
2048,tt0091149
2052,tt0107120
2053,tt0104437
2054,tt0097523
2058,tt0120768
2059,tt0120783
2060,tt0131857
2064,tt0098213
2065,tt0089853
2066,tt0039689
2067,tt0059113
2068,tt0083922
2070,tt0086423
2072,tt0096734
2074,tt0071910
2075,tt0082736
2076,tt0090756
2078,tt0061852
2080,tt0048280
2081,tt0097757
2082,tt0104868
2083,tt0104940
2084,tt0104990
2085,tt0055254
2087,tt0046183
2088,tt0081353
2089,tt0100477
2090,tt0076618
2093,tt0089908
2094,tt0102803
2096,tt0053285
2099,tt0038969
2100,tt0088161
2105,tt0084827
2106,tt0108265
2107,tt0120694
2108,tt0102250
2109,tt0079367
2110,tt0083798
2111,tt0085894
2112,tt0101969
2114,tt0086066
2115,tt0087469
2116,tt0077869
2117,tt0087803
2118,tt0085407
2119,tt0091499
2120,tt0107665
2121,tt0085382
2122,tt0087050
2123,tt0096787
2124,tt0101272
2125,tt0120631
2126,tt0120832
2130,tt0080388
2131,tt0077711
2132,tt0061184
2133,tt0092513
2134,tt0090305
2136,tt0057372
2137,tt0070016
2138,tt0078480
2139,tt0084649
2140,tt0083791
2141,tt0090633
2142,tt0101329
2143,tt0089469
2144,tt0088128
2145,tt0091790
2146,tt0090060
2148,tt0091223
2150,tt0080801
2151,tt0097443
2153,tt0118661
2155,tt0120831
2159,tt0099763
2160,tt0063522
2161,tt0088323
2162,tt0100240
2166,tt0124595
2167,tt0120611
2169,tt0118301
2170,tt0120901
2174,tt0094721
2176,tt0040746
2177,tt0074512
2178,tt0068611
2179,tt0065112
2180,tt0061107
2181,tt0058329
2182,tt0051207
2183,tt0049470
2184,tt0048750
2185,tt0045897
2186,tt0044079
2187,tt0042994
2188,tt0120577
2193,tt0096446
2194,tt0094226
2195,tt0120654
2202,tt0037017
2203,tt0036342
2204,tt0035279
2206,tt0034248
2208,tt0030341
2210,tt0028212
2212,tt0025452
2227,tt0017075
2231,tt0128442
2232,tt0123755
2236,tt0124879
2243,tt0092699
2245,tt0096463
2247,tt0095593
2248,tt0098258
2249,tt0100212
2252,tt0104412
2253,tt0105629
2261,tt0091680
2262,tt0090583
2263,tt0096073
2264,tt0098625
2265,tt0102558
2268,tt0104257
2269,tt0107211
2272,tt0120776
2273,tt0120812
2278,tt0122690
2279,tt0146336
2282,tt0126604
2283,tt0100594
2287,tt0047573
2288,tt0084787
2289,tt0105151
2290,tt0081554
2291,tt0099487
2294,tt0120587
2296,tt0120770
2297,tt0120889
2300,tt0063462
2301,tt0082517
2302,tt0104952
2303,tt0073440
2306,tt0120701
2310,tt0119670
2311,tt0086837
2312,tt0090830
2313,tt0080678
2315,tt0144120
2316,tt0120791
2318,tt0147612
2320,tt0118636
2321,tt0120789
2322,tt0120157
2324,tt0118799
2325,tt0124819
2327,tt0100740
2328,tt0120877
2329,tt0120586
2333,tt0120684
2334,tt0133952
2335,tt0120484
2336,tt0127536
2337,tt0120879
2338,tt0130018
2340,tt0119643
2344,tt0089941
2346,tt0073747
2348,tt0091954
2349,tt0091538
2351,tt0050783
2352,tt0085244
2353,tt0120660
2354,tt0134067
2355,tt0120623
2356,tt0120533
2357,tt0140888
2359,tt0166396
2360,tt0154420
2361,tt0069089
2363,tt0047034
2366,tt0024216
2367,tt0074751
2369,tt0089017
2371,tt0089155
2372,tt0097366
2373,tt0089893
2374,tt0091159
2375,tt0091541
2376,tt0090264
2377,tt0089489
2378,tt0087928
2379,tt0089822
2380,tt0091777
2381,tt0093756
2382,tt0095882
2383,tt0098105
2384,tt0120595
2387,tt0124198
2389,tt0155975
2390,tt0147004
2391,tt0120324
2392,tt0141109
2393,tt0120844
2394,tt0120794
2395,tt0128445
2396,tt0138097
2398,tt0039628
2399,tt0089961
2401,tt0089767
2402,tt0089880
2403,tt0083944
2404,tt0095956
2405,tt0089370
2406,tt0088011
2407,tt0088933
2408,tt0094890
2409,tt0079817
2410,tt0084602
2411,tt0089927
2412,tt0100507
2413,tt0088930
2414,tt0090357
2416,tt0090685
2420,tt0087538
2421,tt0091326
2422,tt0097647
2423,tt0097958
2424,tt0128853
2427,tt0120863
2428,tt0133751
2429,tt0120751
2431,tt0129290
2432,tt0120686
2433,tt0120633
2436,tt0120857
2439,tt0118564
2443,tt0145734
2445,tt0132512
2447,tt0139699
2448,tt0120458
2450,tt0091225
2451,tt0093075
2454,tt0051622
2455,tt0091064
2456,tt0097368
2457,tt0091875
2459,tt0072271
2460,tt0092076
2462,tt0110978
2463,tt0091877
2467,tt0091605
2468,tt0091306
2469,tt0091738
2470,tt0090555
2471,tt0092493
2474,tt0090863
2476,tt0091187
2478,tt0092086
2483,tt0112922
2485,tt0160862
2488,tt0054167
2490,tt0120784
2495,tt0070544
2496,tt0124298
2497,tt0139462
2500,tt0155776
2501,tt0132477
2502,tt0151804
2504,tt0137338
2505,tt0134273
2511,tt0070334
2513,tt0098084
2514,tt0105128
2517,tt0085333
2518,tt0084412
2520,tt0065377
2524,tt0072308
2525,tt0080354
2527,tt0070909
2528,tt0074812
2529,tt0063442
2530,tt0065462
2531,tt0069768
2532,tt0068408
2533,tt0067065
2535,tt0071455
2539,tt0122933
2540,tt0142192
2541,tt0139134
2542,tt0120735
2546,tt0120646
2548,tt0144814
2550,tt0057129
2551,tt0094964
2553,tt0054443
2557,tt0157016
2558,tt0141098
2560,tt0129332
2561,tt0139668
2563,tt0118892
2565,tt0049408
2567,tt0131369
2571,tt0133093
2572,tt0147800
2579,tt0154506
2580,tt0139239
2581,tt0151738
2583,tt0126250
2585,tt0133363
2587,tt0123964
2594,tt0125659
2596,tt0133189
2598,tt0120797
2599,tt0126886
2600,tt0120907
2605,tt0137494
2606,tt0138510
2607,tt0162973
2612,tt0037913
2613,tt0087799
2614,tt0090837
2616,tt0099422
2617,tt0120616
2618,tt0118826
2622,tt0140379
2624,tt0165078
2628,tt0120915
2633,tt0023245
2639,tt0082766
2640,tt0078346
2641,tt0081573
2642,tt0086393
2643,tt0094074
2644,tt0021814
2648,tt0021884
2652,tt0050280
2654,tt0034398
2657,tt0073629
2660,tt0044121
2662,tt0046534
2664,tt0049366
2668,tt0084745
2670,tt0052151
2671,tt0125439
2672,tt0139809
2676,tt0128278
2677,tt0186508
2683,tt0145660
2686,tt0120802
2687,tt0120855
2688,tt0144214
2690,tt0122541
2691,tt0120731
2692,tt0130827
2694,tt0142342
2696,tt0119038
2699,tt0099052
2700,tt0158983
2701,tt0120891
2702,tt0162677
2706,tt0163651
2707,tt0137363
2709,tt0158811
2710,tt0185937
2712,tt0120663
2713,tt0139414
2716,tt0087332
2717,tt0097428
2718,tt0157503
2719,tt0171363
2720,tt0141369
2722,tt0149261
2723,tt0132347
2724,tt0163187
2726,tt0049406
2727,tt0048254
2728,tt0054331
2729,tt0056193
2730,tt0072684
2731,tt0053198
2732,tt0055032
2734,tt0091557
2735,tt0091129
2739,tt0088939
2745,tt0091530
2746,tt0091419
2747,tt0054033
2750,tt0093818
2759,tt0144168
2761,tt0129167
2762,tt0167404
2763,tt0155267
2764,tt0063688
2769,tt0138946
2770,tt0131325
2771,tt0120620
2772,tt0165710
2779,tt0077663
2782,tt0055304
2784,tt0058333
2787,tt0088889
2788,tt0066765
2789,tt0077394
2790,tt0082377
2791,tt0080339
2792,tt0083530
2793,tt0118604
2794,tt0089670
2795,tt0085995
2796,tt0095188
2797,tt0094737
2798,tt0100419
2799,tt0102719
2802,tt0096244
2803,tt0107798
2804,tt0085334
2805,tt0130121
2806,tt0133046
2807,tt0176269
2808,tt0105698
2810,tt0156887
2815,tt0091278
2819,tt0073802
2822,tt0104839
2826,tt0120657
2827,tt0138304
2840,tt0145531
2841,tt0164181
2843,tt0118843
2846,tt0097050
2847,tt0031762
2857,tt0063823
2858,tt0169547
2859,tt0088178
2860,tt0181316
2861,tt0126916
2862,tt0080491
2863,tt0058182
2867,tt0089175
2868,tt0097390
2870,tt0061385
2871,tt0068473
2872,tt0082348
2875,tt0108185
2876,tt0111419
2877,tt0073812
2879,tt0099558
2880,tt0091431
2881,tt0150377
2882,tt0120716
2888,tt0164114
2889,tt0134618
2890,tt0120188
2898,tt0106664
2901,tt0079714
2902,tt0086154
2903,tt0091799
2905,tt0056443
2906,tt0156934
2907,tt0167427
2908,tt0171804
2912,tt0165854
2915,tt0086200
2916,tt0100802
2917,tt0082089
2918,tt0091042
2919,tt0086617
2921,tt0068699
2922,tt0061747
2924,tt0080179
2925,tt0065571
2926,tt0095270
2927,tt0037558
2929,tt0082979
2931,tt0097223
2932,tt0077405
2935,tt0033804
2936,tt0034240
2937,tt0035169
2939,tt0046126
2940,tt0038559
2942,tt0085549
2944,tt0061578
2946,tt0059260
2947,tt0058150
2948,tt0057076
2949,tt0055928
2950,tt0080453
2951,tt0058461
2952,tt0119256
2953,tt0104431
2959,tt0137523
2961,tt0160916
2966,tt0166896
2967,tt0048977
2968,tt0081633
2969,tt0061138
2970,tt0083946
2971,tt0078754
2973,tt0097123
2976,tt0163988
2978,tt0144640
2983,tt0059319
2985,tt0093870
2986,tt0100502
2987,tt0096438
2989,tt0082398
2990,tt0097742
2991,tt0070328
2993,tt0059800
2995,tt0185371
2996,tt0166943
2997,tt0120601
3000,tt0119698
3002,tt0200849
3004,tt0120596
3005,tt0145681
3006,tt0140352
3007,tt0181288
3010,tt0200071
3011,tt0065088
3013,tt0099180
3015,tt0077355
3016,tt0083767
3017,tt0092796
3018,tt0089885
3019,tt0097240
3020,tt0106856
3021,tt0082427
3022,tt0017925
3024,tt0078087
3029,tt0082817
3030,tt0055630
3032,tt0067525
3033,tt0094012
3034,tt0070608
3035,tt0048380
3036,tt0082484
3037,tt0065988
3038,tt0050371
3039,tt0086465
3040,tt0079540
3044,tt0101669
3045,tt0105130
3051,tt0149691
3052,tt0120655
3053,tt0151137
3054,tt0190641
3060,tt0101605
3061,tt0034862
3062,tt0056197
3063,tt0105156
3066,tt0066473
3067,tt0095675
3068,tt0084855
3070,tt0086856
3071,tt0094027
3072,tt0093565
3074,tt0068762
3075,tt0059646
3076,tt0057187
3079,tt0178737
3081,tt0162661
3082,tt0143145
3083,tt0185125
3087,tt0096061
3088,tt0042546
3089,tt0040522
3091,tt0080979
3093,tt0067411
3094,tt0093512
3095,tt0032551
3097,tt0033045
3098,tt0087781
3099,tt0073692
3100,tt0105265
3101,tt0093010
3102,tt0089360
3104,tt0095631
3105,tt0099077
3107,tt0101393
3108,tt0101889
3111,tt0087921
3113,tt0146675
3114,tt0120363
3115,tt0155711
3117,tt0134154
3120,tt0104114
3125,tt0172396
3127,tt0144715
3129,tt0158371
3130,tt0099165
3134,tt0028950
3141,tt0100828
3146,tt0205000
3147,tt0120689
3148,tt0124315
3152,tt0067328
3153,tt0051337
3155,tt0166485
3156,tt0182789
3157,tt0164912
3159,tt0120910
3160,tt0175880
3163,tt0151568
3167,tt0066892
3168,tt0064276
3169,tt0087231
3173,tt0146838
3174,tt0125664
3175,tt0177789
3176,tt0134119
3177,tt0195945
3178,tt0174856
3179,tt0145653
3181,tt0120866
3185,tt0120834
3186,tt0172493
3189,tt0156812
3190,tt0134983
3194,tt0070903
3196,tt0046359
3197,tt0095897
3198,tt0070511
3200,tt0070290
3201,tt0065724
3203,tt0097162
3204,tt0077269
3208,tt0107659
3210,tt0083929
3213,tt0106364
3219,tt0100318
3224,tt0058625
3230,tt0071935
3243,tt0104187
3244,tt0076095
3246,tt0104797
3247,tt0105417
3248,tt0108147
3249,tt0104389
3250,tt0106246
3252,tt0105323
3253,tt0105793
3254,tt0108525
3255,tt0104694
3256,tt0105112
3257,tt0103855
3258,tt0104070
3259,tt0104231
3260,tt0104454
3261,tt0105415
3262,tt0105665
3263,tt0105812
3264,tt0103893
3265,tt0104684
3266,tt0103905
3267,tt0104815
3268,tt0105477
3269,tt0104291
3270,tt0104040
3271,tt0105046
3272,tt0103759
3273,tt0134084
3274,tt0105414
3275,tt0144117
3285,tt0163978
3287,tt0220099
3296,tt0062376
3298,tt0181984
3300,tt0134847
3301,tt0190138
3306,tt0018773
3307,tt0021749
3310,tt0012349
3316,tt0184858
3317,tt0185014
3324,tt0186045
3328,tt0165798
3330,tt0055471
3334,tt0040506
3341,tt0042276
3342,tt0086969
3354,tt0183523
3355,tt0142688
3358,tt0101698
3359,tt0078902
3360,tt0091217
3361,tt0094812
3362,tt0072890
3363,tt0069704
3364,tt0042208
3365,tt0049730
3368,tt0051411
3379,tt0053137
3384,tt0072251
3386,tt0102138
3387,tt0098645
3388,tt0093148
3392,tt0098309
3394,tt0092666
3396,tt0079588
3397,tt0082474
3398,tt0087755
3400,tt0108526
3405,tt0051994
3408,tt0195685
3409,tt0195714
3412,tt0095800
3415,tt0072443
3418,tt0103074
3420,tt0078718
3421,tt0077975
3422,tt0091939
3424,tt0097216
3425,tt0100168
3426,tt0102175
3430,tt0071402
3431,tt0082250
3432,tt0089003
3435,tt0036775
3436,tt0101787
3438,tt0100758
3439,tt0103060
3440,tt0108308
3441,tt0087985
3444,tt0092675
3448,tt0093105
3450,tt0107050
3451,tt0061735
3452,tt0165929
3456,tt0191043
3461,tt0057261
3462,tt0027977
3466,tt0107091
3467,tt0057163
3468,tt0054997
3469,tt0053946
3470,tt0071411
3471,tt0075860
3475,tt0043924
3476,tt0099871
3477,tt0112950
3478,tt0093378
3479,tt0089457
3480,tt0091445
3481,tt0146882
3483,tt0138749
3484,tt0192614
3489,tt0102057
3494,tt0065126
3498,tt0077928
3499,tt0100157
3503,tt0069293
3504,tt0074958
3505,tt0093640
3507,tt0063374
3508,tt0075029
3510,tt0186151
3512,tt0122459
3513,tt0160797
3516,tt0051406
3519,tt0077572
3521,tt0097940
3524,tt0082031
3525,tt0086927
3526,tt0098067
3527,tt0093773
3528,tt0102713
3529,tt0082934
3534,tt0191754
3535,tt0144084
3536,tt0171433
3538,tt0166175
3543,tt0083833
3545,tt0068327
3546,tt0056687
3548,tt0051383
3549,tt0048140
3550,tt0085701
3551,tt0074860
3552,tt0080487
3553,tt0176783
3554,tt0199725
3555,tt0141926
3556,tt0159097
3557,tt0104549
3559,tt0044837
3564,tt0158622
3565,tt0198021
3566,tt0189584
3569,tt0154421
3576,tt0093185
3578,tt0172495
3581,tt0188674
3587,tt0080923
3591,tt0085970
3593,tt0185183
3594,tt0210616
3606,tt0041716
3608,tt0089791
3614,tt0104438
3615,tt0130623
3616,tt0217630
3617,tt0215129
3618,tt0196216
3623,tt0120755
3624,tt0184894
3627,tt0055830
3629,tt0015864
3632,tt0039631
3633,tt0064757
3634,tt0058576
3635,tt0076752
3637,tt0089960
3638,tt0079574
3639,tt0071807
3646,tt0208003
3649,tt0080365
3652,tt0081318
3654,tt0054953
3655,tt0070130
3668,tt0063518
3669,tt0105466
3671,tt0071230
3675,tt0047673
3676,tt0074486
3677,tt0103767
3678,tt0048347
3681,tt0059578
3682,tt0070355
3683,tt0086979
3684,tt0097322
3685,tt0089841
3686,tt0099582
3688,tt0084522
3693,tt0090190
3696,tt0091630
3697,tt0100403
3698,tt0093894
3699,tt0088172
3701,tt0094631
3702,tt0079501
3703,tt0082694
3704,tt0089530
3705,tt0099141
3706,tt0092563
3707,tt0091635
3708,tt0087262
3709,tt0105428
3712,tt0102951
3717,tt0187078
3720,tt0145503
3723,tt0099726
3724,tt0077362
3726,tt0074156
3727,tt0093605
3728,tt0102592
3729,tt0067741
3730,tt0071360
3732,tt0077588
3735,tt0070666
3736,tt0043338
3738,tt0072226
3739,tt0023622
3740,tt0090728
3741,tt0069762
3742,tt0015648
3743,tt0204175
3744,tt0162650
3745,tt0120913
3751,tt0120630
3752,tt0183505
3753,tt0187393
3754,tt0131704
3755,tt0177971
3760,tt0076257
3761,tt0106469
3763,tt0089118
3765,tt0099797
3766,tt0087727
3769,tt0072288
3770,tt0087175
3773,tt0099800
3783,tt0159382
3784,tt0219854
3785,tt0175142
3786,tt0179116
3788,tt0060176
3791,tt0087277
3793,tt0120903
3798,tt0161081
3799,tt0210234
3801,tt0052561
3802,tt0104299
3808,tt0054749
3809,tt0103241
3811,tt0080310
3812,tt0068555
3813,tt0077742
3814,tt0073312
3819,tt0092048
3821,tt0144528
3822,tt0144201
3824,tt0174480
3825,tt0200550
3826,tt0164052
3827,tt0186566
3831,tt0195234
3832,tt0057603
3835,tt0106627
3836,tt0065938
3837,tt0095863
3840,tt0095925
3841,tt0099005
3843,tt0086320
3844,tt0098384
3858,tt0173716
3861,tt0191397
3863,tt0209958
3868,tt0095705
3869,tt0102510
3871,tt0046303
3872,tt0053318
3873,tt0059017
3877,tt0088206
3879,tt0160009
3882,tt0204946
3889,tt0144964
3893,tt0171580
3895,tt0204626
3896,tt0202677
3897,tt0181875
3906,tt0164212
3910,tt0168629
3911,tt0218839
3916,tt0210945
3917,tt0093177
3918,tt0095294
3919,tt0104409
3925,tt0088184
3927,tt0060397
3928,tt0040068
3930,tt0046876
3932,tt0024184
3937,tt0088024
3938,tt0084695
3946,tt0208988
3947,tt0067128
3948,tt0212338
3949,tt0180093
3950,tt0170691
3952,tt0208874
3953,tt0205271
3959,tt0054387
3964,tt0041094
3966,tt0037638
3967,tt0249462
3968,tt0230030
3969,tt0223897
3972,tt0111512
3973,tt0229260
3977,tt0160127
3978,tt0146984
3979,tt0185431
3980,tt0203019
3981,tt0199753
3983,tt0203230
3984,tt0066995
3985,tt0074452
3986,tt0216216
3987,tt0186894
3988,tt0170016
3991,tt0211181
3992,tt0213847
3993,tt0180073
3994,tt0217869
3996,tt0190332
3997,tt0190374
3998,tt0228750
3999,tt0190865
4000,tt0086993
4002,tt0093748
4005,tt0093428
4006,tt0092106
4007,tt0094291
4008,tt0096969
4009,tt0096219
4010,tt0088850
4011,tt0208092
4014,tt0241303
4015,tt0242423
4016,tt0120917
4017,tt0183659
4018,tt0207201
4019,tt0181536
4020,tt0219699
4021,tt0247196
4022,tt0162222
4023,tt0218967
4025,tt0212346
4027,tt0190590
4029,tt0120202
4030,tt0219653
4031,tt0149624
4033,tt0146309
4034,tt0181865
4036,tt0189998
4037,tt0093223
4039,tt0083564
4040,tt0101757
4041,tt0084434
4042,tt0053580
4043,tt0090670
4047,tt0107007
4052,tt0218817
4054,tt0206275
4056,tt0237572
4061,tt0102388
4062,tt0095690
4064,tt0069897
4065,tt0071517
4066,tt0095348
4067,tt0108451
4068,tt0186589
4069,tt0209475
4080,tt0092605
4082,tt0092618
4084,tt0092644
4085,tt0086960
4086,tt0092654
4090,tt0092695
4091,tt0092718
4102,tt0092948
4103,tt0092965
4105,tt0083907
4117,tt0093209
4121,tt0093260
4124,tt0093300
4126,tt0093407
4128,tt0093437
4132,tt0093493
4133,tt0093507
4135,tt0093560
4143,tt0242998
4144,tt0118694
4146,tt0120753
4148,tt0212985
4149,tt0239948
4153,tt0231775
4155,tt0230838
4158,tt0166276
4159,tt0233142
4161,tt0236493
4167,tt0179626
4168,tt0192071
4184,tt0039190
4187,tt0057251
4190,tt0053793
4191,tt0060086
4195,tt0066740
4200,tt0101764
4203,tt0102005
4205,tt0100140
4207,tt0100232
4210,tt0091474
4211,tt0100486
4212,tt0077413
4214,tt0088000
4218,tt0091860
4220,tt0071771
4223,tt0215750
4224,tt0242445
4225,tt0205873
4226,tt0209144
4228,tt0125022
4231,tt0244970
4232,tt0227538
4233,tt0246989
4234,tt0236784
4235,tt0245712
4238,tt0164334
4239,tt0221027
4240,tt0189192
4246,tt0243155
4247,tt0245686
4248,tt0236348
4251,tt0221073
4254,tt0231402
4255,tt0240515
4262,tt0086250
4263,tt0055895
4265,tt0132245
4267,tt0203755
4270,tt0209163
4275,tt0085811
4278,tt0025913
4280,tt0084917
4282,tt0064940
4285,tt0101912
4291,tt0080319
4292,tt0079638
4293,tt0090098
4296,tt0066011
4297,tt0093713
4298,tt0048021
4299,tt0183790
4305,tt0225071
4306,tt0126029
4308,tt0203009
4310,tt0213149
4313,tt0206917
4317,tt0102343
4321,tt0101587
4322,tt0095082
4323,tt0052902
4325,tt0054130
4326,tt0095647
4327,tt0054047
4329,tt0053221
4333,tt0094142
4334,tt0244316
4337,tt0060934
4338,tt0041996
4339,tt0059885
4340,tt0255798
4343,tt0251075
4344,tt0244244
4349,tt0065528
4351,tt0102685
4354,tt0105699
4355,tt0092272
4356,tt0045810
4357,tt0045891
4359,tt0048605
4361,tt0084805
4366,tt0230011
4367,tt0146316
4368,tt0240462
4369,tt0232500
4370,tt0212720
4371,tt0255819
4372,tt0250224
4378,tt0203119
4380,tt0203632
4381,tt0243493
4383,tt0228786
4386,tt0239395
4387,tt0271027
4388,tt0257106
4389,tt0245238
4392,tt0099012
4393,tt0094663
4395,tt0052216
4396,tt0082136
4397,tt0087032
4403,tt0053925
4404,tt0016847
4406,tt0056217
4407,tt0091886
4409,tt0105378
4410,tt0091983
4419,tt0047811
4420,tt0046754
4422,tt0069467
4426,tt0048261
4427,tt0063227
4428,tt0055184
4429,tt0049513
4432,tt0051036
4433,tt0049966
4437,tt0076786
4438,tt0068767
4439,tt0082176
4440,tt0067824
4441,tt0077594
4442,tt0089461
4443,tt0082869
4444,tt0068935
4446,tt0173840
4447,tt0250494
4448,tt0227445
4450,tt0242193
4452,tt0227005
4464,tt0094606
4465,tt0094608
4466,tt0094602
4467,tt0096764
4474,tt0094715
4476,tt0094739
4478,tt0094746
4480,tt0094761
4487,tt0094889
4488,tt0094894
4489,tt0094898
4492,tt0090887
4498,tt0094963
4499,tt0095031
4506,tt0095174
4508,tt0095243
4509,tt0095253
4518,tt0095488
4519,tt0095489
4520,tt0095519
4526,tt0095687
4529,tt0095801
4531,tt0095963
4533,tt0089907
4537,tt0096018
4541,tt0096071
4544,tt0096101
4545,tt0091949
4546,tt0096163
4552,tt0096251
4553,tt0096256
4557,tt0096316
4558,tt0096320
4564,tt0096794
4565,tt0088708
4568,tt0096913
4571,tt0096928
4572,tt0096933
4574,tt0096945
4577,tt0097027
4578,tt0097044
4580,tt0097138
4585,tt0097235
4587,tt0097257
4591,tt0097289
4599,tt0097457
4602,tt0097481
4613,tt0097637
4614,tt0097659
4616,tt0097722
4619,tt0097758
4621,tt0097778
4623,tt0097815
4624,tt0097858
4626,tt0097889
4628,tt0097965
4636,tt0098141
4638,tt0163025
4639,tt0265029
4640,tt0222851
4641,tt0162346
4642,tt0248845
4643,tt0133152
4644,tt0237539
4645,tt0123948
4649,tt0243655
4654,tt0098206
4658,tt0098253
4661,tt0098273
4662,tt0098282
4670,tt0094035
4673,tt0098439
4677,tt0098536
4678,tt0098546
4679,tt0098554
4681,tt0098621
4683,tt0098663
4689,tt0065761
4690,tt0087089
4697,tt0083624
4699,tt0218922
4700,tt0247638
4701,tt0266915
4704,tt0056059
4705,tt0077288
4709,tt0064782
4710,tt0075213
4713,tt0080360
4714,tt0080377
4718,tt0252866
4719,tt0181739
4720,tt0230600
4721,tt0244000
4725,tt0261983
4727,tt0238112
4728,tt0250687
4732,tt0258470
4733,tt0256524
4734,tt0261392
4735,tt0228333
4741,tt0203166
4744,tt0263488
4745,tt0184791
4748,tt0103596
4754,tt0070917
4757,tt0202470
4770,tt0221218
4771,tt0180734
4774,tt0246464
4776,tt0139654
4784,tt0082416
4785,tt0063032
4786,tt0070294
4787,tt0102316
4788,tt0079579
4789,tt0071994
4794,tt0093677
4795,tt0058092
4799,tt0057193
4801,tt0033836
4802,tt0053143
4803,tt0067588
4808,tt0108473
4809,tt0086312
4811,tt0079766
4812,tt0091993
4814,tt0260866
4815,tt0252501
4816,tt0196229
4821,tt0206314
4823,tt0240890
4826,tt0080437
4830,tt0080474
4833,tt0080516
4835,tt0080549
4840,tt0080610
4844,tt0219965
4846,tt0108148
4848,tt0166924
4855,tt0066999
4857,tt0067093
4862,tt0102555
4865,tt0120681
4866,tt0272020
4867,tt0200027
4873,tt0243017
4874,tt0272152
4876,tt0245674
4878,tt0246578
4880,tt0264796
4881,tt0243133
4885,tt0249478
4886,tt0198781
4887,tt0267804
4888,tt0275719
4889,tt0252503
4890,tt0256380
4893,tt0080130
4896,tt0241527
4899,tt0265087
4900,tt0253798
4901,tt0266987
4902,tt0256009
4903,tt0247425
4911,tt0076221
4912,tt0062994
4914,tt0053472
4915,tt0083630
4916,tt0074899
4919,tt0090095
4920,tt0035140
4928,tt0075824
4932,tt0080661
4936,tt0080716
4939,tt0080736
4941,tt0080745
4945,tt0074483
4947,tt0076070
4951,tt0100054
4954,tt0054135
4957,tt0086383
4958,tt0159273
4963,tt0240772
4966,tt0050539
4967,tt0283509
4969,tt0037515
4970,tt0020697
4971,tt0087747
4973,tt0211915
4974,tt0277371
4975,tt0259711
4976,tt0280778
4978,tt0259393
4979,tt0265666
4980,tt0101452
4981,tt0090852
4989,tt0278488
4990,tt0268397
4992,tt0035423
4993,tt0120737
4994,tt0268995
4995,tt0268978
4998,tt0051525
5004,tt0063415
5008,tt0051201
5009,tt0248667
5010,tt0265086
5012,tt0086619
5013,tt0280707
5014,tt0277027
5015,tt0285742
5016,tt0120824
5021,tt0074937
5025,tt0273923
5026,tt0237534
5027,tt0099044
5033,tt0100530
5039,tt0082288
5040,tt0087078
5041,tt0085542
5046,tt0160399
5047,tt0240468
5048,tt0281373
5049,tt0083511
5051,tt0243862
5054,tt0085271
5055,tt0106770
5060,tt0066026
5062,tt0060955
5063,tt0055257
5064,tt0245844
5065,tt0265349
5066,tt0281358
5072,tt0293416
5073,tt0208990
5074,tt0250081
5081,tt0188453
5092,tt0265298
5093,tt0233469
5094,tt0246894
5096,tt0109190
5102,tt0107985
5103,tt0108037
5105,tt0069995
5106,tt0275022
5107,tt0251114
5108,tt0251160
5109,tt0280030
5110,tt0247745
5111,tt0107034
5114,tt0044391
5120,tt0069281
5121,tt0075276
5127,tt0259288
5128,tt0238546
5134,tt0291341
5135,tt0265343
5139,tt0074174
5146,tt0216651
5147,tt0050986
5151,tt0243736
5152,tt0277434
5159,tt0104254
5165,tt0080057
5170,tt0278295
5171,tt0268695
5177,tt0035015
5198,tt0081070
5218,tt0268380
5219,tt0120804
5220,tt0284490
5222,tt0264761
5225,tt0245574
5226,tt0085154
5237,tt0083169
5246,tt0081529
5247,tt0076729
5250,tt0081562
5254,tt0187738
5255,tt0279781
5265,tt0266452
5266,tt0258000
5267,tt0265662
5269,tt0254686
5282,tt0257756
5283,tt0283111
5291,tt0042876
5292,tt0076723
5293,tt0264472
5294,tt0264616
5296,tt0253867
5298,tt0219822
5299,tt0259446
5300,tt0050086
5303,tt0099892
5304,tt0038890
5308,tt0094137
5309,tt0098966
5312,tt0264935
5313,tt0277296
5316,tt0157583
5319,tt0247586
5323,tt0211443
5324,tt0282687
5325,tt0275309
5329,tt0235737
5333,tt0047892
5334,tt0099204
5339,tt0104466
5341,tt0071746
5348,tt0278823
5349,tt0145487
5361,tt0103247
5363,tt0241760
5364,tt0250797
5373,tt0050634
5377,tt0276751
5378,tt0121765
5379,tt0247199
5380,tt0278500
5382,tt0077523
5385,tt0077838
5387,tt0278435
5388,tt0278504
5389,tt0166813
5397,tt0044916
5400,tt0164184
5401,tt0279493
5410,tt0067756
5414,tt0280486
5415,tt0279778
5418,tt0258463
5419,tt0267913
5420,tt0245562
5421,tt0238924
5423,tt0210065
5433,tt0090021
5434,tt0040823
5435,tt0061770
5438,tt0100135
5440,tt0041866
5444,tt0275847
5445,tt0181689
5446,tt0252444
5449,tt0280590
5452,tt0107438
5458,tt0308506
5459,tt0120912
5463,tt0253556
5464,tt0257044
5465,tt0297721
5475,tt0065234
5476,tt0220506
5477,tt0254455
5478,tt0271367
5479,tt0267626
5480,tt0243585
5481,tt0295178
5489,tt0079641
5498,tt0058888
5499,tt0075147
5500,tt0088286
5501,tt0295427
5502,tt0286106
5504,tt0287717
5505,tt0279113
5506,tt0309377
5507,tt0295701
5508,tt0274309
5515,tt0120263
5522,tt0073631
5523,tt0180052
5524,tt0300532
5528,tt0265459
5529,tt0261289
5530,tt0258153
5531,tt0281322
5540,tt0082186
5541,tt0102059
5544,tt0080025
5548,tt0090966
5553,tt0094025
5563,tt0269095
5564,tt0283026
5568,tt0087507
5569,tt0068833
5570,tt0117883
5572,tt0303714
5574,tt0293662
5577,tt0280760
5582,tt0103924
5588,tt0077681
5602,tt0048281
5603,tt0044829
5607,tt0292542
5608,tt0250258
5610,tt0280460
5611,tt0240510
5612,tt0280380
5613,tt0283832
5617,tt0274812
5618,tt0245429
5620,tt0256415
5621,tt0290095
5625,tt0179098
5628,tt0281364
5630,tt0289765
5632,tt0280491
5633,tt0246677
5636,tt0271259
5644,tt0035211
5646,tt0098575
5649,tt0051554
5650,tt0086373
5663,tt0276816
5665,tt0211465
5666,tt0292644
5667,tt0283084
5668,tt0283139
5669,tt0310793
5673,tt0272338
5678,tt0227984
5679,tt0298130
5680,tt0298744
5690,tt0095327
5693,tt0076666
5696,tt0081696
5707,tt0081974
5712,tt0082085
5720,tt0085327
5747,tt0082432
5771,tt0082782
5772,tt0082783
5782,tt0082949
5784,tt0288477
5785,tt0322802
5786,tt0259484
5788,tt0286261
5791,tt0120679
5792,tt0299117
5796,tt0061452
5797,tt0087075
5803,tt0297181
5804,tt0304669
5809,tt0280665
5810,tt0298203
5812,tt0297884
5816,tt0295297
5817,tt0273435
5818,tt0313196
5826,tt0042895
5833,tt0280609
5841,tt0102782
5843,tt0103112
5853,tt0081455
5867,tt0083190
5872,tt0246460
5873,tt0283530
5874,tt0293815
5876,tt0258068
5878,tt0287467
5879,tt0271263
5881,tt0307479
5882,tt0133240
5888,tt0118767
5890,tt0279064
5891,tt0077713
5893,tt0110308
5899,tt0058777
5900,tt0289848
5902,tt0268126
5903,tt0238380
5909,tt0290329
5915,tt0083284
5938,tt0083806
5941,tt0303933
5942,tt0302640
5943,tt0252076
5944,tt0253754
5945,tt0257360
5949,tt0220580
5952,tt0167261
5954,tt0307901
5955,tt0168786
5956,tt0217505
5957,tt0313737
5959,tt0272207
5961,tt0099160
5963,tt0054743
5965,tt0075968
5969,tt0110613
5970,tt0102492
5971,tt0096283
5974,tt0033152
5980,tt0071222
5989,tt0264464
5991,tt0299658
5992,tt0274558
5994,tt0309912
5995,tt0253474
6001,tt0085794
6006,tt0305711
6012,tt0295289
6013,tt0257568
6014,tt0271668
6016,tt0317248
6021,tt0075675
6023,tt0057869
6031,tt0052918
6039,tt0088414
6040,tt0282209
6041,tt0280653
6058,tt0309593
6059,tt0292506
6063,tt0303361
6067,tt0160611
6078,tt0083943
6093,tt0084237
6100,tt0084329
6101,tt0084335
6104,tt0084352
6123,tt0084628
6140,tt0084777
6155,tt0251127
6156,tt0300471
6157,tt0287978
6158,tt0283426
6162,tt0302674
6163,tt0291579
6166,tt0106701
6170,tt0078872
6183,tt0053172
6184,tt0074851
6185,tt0279331
6186,tt0279111
6187,tt0289992
6188,tt0302886
6196,tt0306685
6197,tt0278731
6212,tt0305669
6213,tt0314353
6214,tt0290673
6215,tt0298408
6216,tt0161860
6218,tt0286499
6219,tt0269347
6220,tt0310357
6222,tt0236640
6223,tt0283003
6235,tt0099776
6238,tt0099699
6239,tt0052948
6242,tt0178868
6249,tt0285462
6250,tt0285531
6252,tt0264150
6254,tt0028597
6263,tt0264395
6264,tt0298814
6265,tt0325537
6266,tt0286788
6270,tt0100998
6271,tt0070460
6273,tt0042593
6280,tt0266465
6281,tt0183649
6283,tt0275277
6286,tt0311519
6287,tt0305224
6290,tt0251736
6291,tt0300140
6294,tt0245803
6296,tt0310281
6297,tt0311289
6298,tt0328099
6299,tt0301727
6300,tt0236027
6301,tt0067800
6303,tt0066769
6305,tt0060390
6315,tt0092214
6316,tt0078504
6322,tt0310910
6323,tt0309698
6331,tt0334405
6332,tt0306841
6333,tt0290334
6337,tt0285861
6338,tt0317303
6350,tt0092067
6357,tt0049314
6365,tt0234215
6367,tt0309530
6370,tt0283900
6373,tt0315327
6374,tt0314786
6377,tt0266543
6378,tt0317740
6379,tt0295700
6380,tt0342172
6383,tt0322259
6385,tt0298228
6395,tt0069895
6412,tt0031225
6424,tt0102603
6428,tt0065134
6429,tt0043137
6433,tt0019760
6436,tt0108330
6440,tt0101410
6448,tt0059183
6452,tt0051878
6460,tt0057427
6464,tt0119215
6482,tt0329028
6484,tt0329717
6502,tt0289043
6503,tt0305357
6509,tt0071141
6530,tt0074811
6533,tt0069495
6534,tt0286716
6535,tt0333780
6536,tt0165982
6537,tt0181852
6538,tt0324133
6539,tt0325980
6541,tt0311429
6548,tt0172156
6550,tt0274166
6552,tt0301199
6558,tt0101635
6559,tt0110364
6564,tt0325703
6565,tt0329575
6566,tt0338459
6567,tt0252299
6571,tt0319769
6573,tt0068240
6579,tt0055256
6581,tt0066249
6582,tt0089901
6586,tt0328828
6587,tt0299930
6591,tt0318411
6593,tt0322330
6595,tt0257076
6609,tt0058715
6611,tt0045274
6614,tt0099819
6615,tt0329101
6617,tt0316356
6618,tt0286112
6619,tt0263757
6620,tt0305206
6624,tt0313911
6629,tt0045888
6636,tt0090103
6638,tt0086525
6639,tt0062467
6643,tt0046438
6645,tt0066434
6650,tt0041546
6658,tt0078721
6659,tt0100814
6660,tt0040725
6662,tt0057413
6663,tt0075066
6664,tt0088944
6666,tt0068361
6668,tt0235060
6669,tt0044741
6684,tt0067445
6686,tt0288045
6687,tt0270980
6695,tt0301470
6702,tt0325258
6705,tt0320244
6707,tt0303816
6708,tt0325805
6709,tt0285823
6711,tt0335266
6713,tt0291350
6721,tt0103285
6724,tt0070510
6731,tt0088993
6732,tt0064418
6734,tt0104850
6744,tt0089730
6748,tt0078908
6750,tt0313792
6751,tt0331468
6753,tt0327137
6754,tt0320691
6755,tt0281686
6763,tt0266489
6764,tt0327850
6765,tt0328589
6768,tt0309820
6770,tt0314412
6773,tt0286244
6774,tt0086541
6777,tt0055031
6783,tt0031885
6785,tt0047472
6786,tt0089424
6787,tt0074119
6789,tt0115561
6791,tt0092603
6793,tt0103786
6794,tt0106375
6796,tt0101507
6797,tt0101516
6798,tt0074256
6800,tt0090859
6803,tt0087909
6807,tt0085959
6808,tt0065207
6809,tt0088272
6810,tt0102945
6811,tt0110759
6812,tt0100514
6816,tt0094138
6817,tt0100928
6818,tt0091251
6820,tt0210070
6832,tt0102768
6849,tt0066344
6850,tt0104695
6852,tt0061809
6856,tt0035575
6857,tt0107692
6858,tt0056291
6862,tt0313443
6863,tt0332379
6867,tt0340377
6868,tt0335563
6870,tt0327056
6873,tt0138524
6874,tt0266697
6879,tt0313542
6880,tt0324216
6881,tt0311648
6884,tt0312549
6885,tt0199626
6886,tt0294357
6887,tt0316465
6888,tt0306047
6889,tt0328880
6890,tt0363589
6893,tt0064505
6898,tt0313670
6902,tt0165832
6909,tt0325655
6918,tt0048956
6920,tt0065531
6927,tt0308383
6932,tt0323944
6934,tt0242653
6936,tt0319343
6942,tt0314331
6944,tt0101862
6946,tt0318155
6947,tt0311113
6950,tt0338188
6951,tt0312528
6952,tt0348836
6953,tt0315733
6954,tt0338135
6957,tt0307987
6958,tt0338094
6959,tt0300556
6961,tt0104237
6966,tt0099365
6967,tt0037635
6971,tt0101829
6973,tt0104265
6974,tt0099615
6975,tt0119167
6978,tt0102943
6979,tt0086567
6981,tt0048452
6982,tt0043686
6985,tt0019254
6987,tt0010323
6989,tt0085615
6990,tt0079240
6992,tt0109951
6993,tt0091167
6994,tt0102004
6996,tt0102034
6997,tt0104427
6999,tt0104452
7000,tt0102070
7001,tt0077745
7004,tt0099938
7005,tt0102216
7007,tt0102266
7008,tt0070849
7009,tt0104756
7010,tt0101316
7012,tt0100201
7013,tt0048424
7016,tt0093692
7017,tt0105104
7018,tt0100404
7022,tt0266308
7023,tt0107156
7024,tt0073650
7026,tt0094072
7027,tt0090022
7028,tt0100449
7030,tt0105211
7032,tt0100485
7033,tt0093936
7034,tt0150662
7036,tt0090142
7037,tt0103030
7040,tt0090180
7041,tt0111477
7044,tt0100935
7045,tt0100944
7046,tt0094332
7047,tt0090350
7048,tt0119807
7055,tt0028333
7056,tt0022286
7060,tt0070239
7061,tt0031210
7062,tt0055798
7063,tt0068182
7064,tt0038348
7065,tt0004972
7067,tt0059229
7069,tt0067372
7070,tt0040724
7071,tt0072417
7072,tt0031971
7073,tt0058586
7075,tt0049096
7076,tt0062765
7078,tt0030287
7079,tt0031455
7080,tt0024034
7084,tt0069097
7087,tt0087892
7088,tt0053146
7089,tt0071129
7090,tt0299977
7091,tt0023027
7093,tt0071524
7099,tt0087544
7101,tt0101745
7102,tt0092925
7104,tt0078723
7107,tt0077578
7114,tt0059043
7115,tt0073582
7116,tt0046911
7117,tt0107387
7121,tt0041090
7123,tt0102511
7132,tt0026778
7137,tt0318374
7139,tt0298845
7142,tt0322589
7143,tt0325710
7147,tt0319061
7149,tt0337741
7150,tt0338466
7151,tt0335119
7153,tt0167260
7154,tt0304415
7155,tt0337909
7156,tt0317910
7158,tt0315983
7160,tt0340855
7161,tt0349205
7162,tt0159365
7163,tt0338337
7164,tt0316396
7169,tt0360139
7173,tt0343135
7175,tt0329691
7178,tt0071577
7179,tt0104181
7193,tt0098987
7206,tt0050706
7209,tt0046487
7215,tt0037382
7216,tt0033717
7217,tt0039302
7218,tt0036244
7223,tt0042369
7225,tt0076578
7228,tt0104009
7234,tt0047528
7235,tt0296042
7236,tt0072730
7238,tt0052080
7243,tt0006864
7247,tt0062803
7254,tt0289879
7255,tt0335559
7256,tt0379557
7257,tt0315824
7258,tt0314498
7259,tt0365957
7260,tt0345551
7261,tt0337579
7263,tt0349825
7265,tt0309987
7285,tt0328538
7293,tt0343660
7301,tt0042619
7303,tt0052738
7307,tt0089153
7310,tt0091828
7311,tt0031385
7316,tt0361467
7317,tt0356150
7318,tt0335345
7319,tt0331953
7320,tt0338096
7321,tt0315297
7323,tt0301357
7324,tt0317648
7325,tt0335438
7327,tt0060827
7333,tt0035753
7335,tt0046187
7340,tt0089393
7346,tt0265208
7347,tt0363988
7348,tt0360009
7354,tt0107473
7360,tt0363547
7361,tt0338013
7362,tt0364045
7364,tt0332658
7366,tt0300051
7367,tt0335245
7369,tt0331632
7371,tt0276919
7372,tt0277941
7373,tt0167190
7375,tt0337697
7376,tt0351977
7377,tt0301976
7379,tt0318974
7380,tt0327679
7381,tt0327247
7382,tt0326977
7386,tt0049833
7387,tt0077402
7419,tt0088680
7438,tt0378194
7439,tt0330793
7444,tt0337563
7445,tt0328107
7448,tt0326856
7449,tt0335121
7450,tt0323033
7451,tt0377092
7454,tt0338526
7458,tt0332452
7459,tt0293007
7460,tt0379217
7477,tt0160184
7481,tt0089092
7482,tt0070034
7486,tt0118845
7487,tt0099762
7492,tt0077914
7541,tt0214388
7560,tt0058083
7562,tt0118996
7564,tt0058279
7569,tt0062512
7570,tt0086034
7573,tt0086006
7587,tt0062229
7614,tt0048445
7616,tt0086984
7618,tt0103939
7619,tt0056241
7624,tt0105327
7636,tt0105217
7647,tt0105017
7650,tt0063285
7698,tt0078966
7700,tt0046268
7701,tt0100050
7704,tt0090927
7706,tt0020640
7713,tt0034587
7728,tt0038854
7730,tt0107529
7743,tt0089114
7748,tt0059592
7749,tt0062480
7756,tt0029850
7757,tt0057197
7766,tt0050613
7767,tt0346336
7773,tt0288439
7782,tt0108171
7792,tt0071970
7802,tt0080120
7820,tt0053976
7834,tt0027260
7840,tt0031398
7883,tt0036027
7889,tt0070518
7891,tt0058700
7894,tt0067140
7895,tt0071249
7896,tt0056412
7924,tt0041699
7925,tt0051808
7926,tt0057565
7930,tt0105121
7934,tt0086637
7936,tt0063611
7937,tt0057611
7938,tt0057358
7939,tt0055499
7943,tt0038669
7944,tt0058404
7951,tt0100260
7976,tt0209077
7980,tt0075784
7981,tt0338564
7982,tt0365376
7983,tt0087003
7984,tt0091083
7991,tt0072856
8012,tt0199683
8014,tt0374546
8016,tt0068638
8019,tt0308379
8033,tt0060522
8042,tt0070379
8044,tt0023042
8045,tt0093137
8094,tt0047849
8117,tt0180748
8119,tt0090888
8125,tt0018455
8126,tt0057495
8128,tt0092593
8153,tt0049456
8154,tt0053779
8157,tt0193253
8167,tt0026174
8169,tt0092494
8183,tt0085478
8188,tt0047445
8195,tt0053619
8197,tt0052893
8199,tt0046478
8207,tt0069947
8225,tt0100258
8235,tt0014429
8239,tt0055601
8253,tt0079833
8254,tt0106307
8261,tt0075612
8264,tt0073076
8266,tt0087957
8268,tt0107843
8327,tt0330229
8337,tt0046816
8338,tt0039192
8340,tt0079116
8341,tt0040662
8360,tt0298148
8361,tt0319262
8362,tt0350028
8363,tt0367085
8366,tt0332375
8368,tt0304141
8369,tt0297284
8370,tt0363226
8371,tt0296572
8372,tt0356634
8373,tt0327162
8376,tt0374900
8387,tt0110857
8405,tt0063759
8456,tt0065889
8459,tt0041452
8464,tt0390521
8482,tt0037988
8484,tt0053114
8491,tt0042041
8492,tt0044008
8493,tt0100133
8494,tt0059037
8495,tt0204137
8501,tt0091209
8507,tt0022913
8512,tt0075222
8521,tt0022835
8526,tt0327437
8528,tt0364725
8529,tt0362227
8530,tt0377752
8531,tt0381707
8532,tt0348593
8533,tt0332280
8534,tt0338512
8542,tt0028772
8588,tt0250468
8591,tt0087910
8593,tt0104573
8596,tt0078163
8600,tt0029870
8604,tt0152930
8605,tt0295721
8607,tt0388473
8609,tt0014341
8610,tt0086873
8614,tt0093693
8620,tt0056732
8622,tt0361596
8623,tt0093886
8633,tt0087597
8636,tt0316654
8638,tt0381681
8640,tt0349683
8641,tt0357413
8643,tt0356470
8644,tt0343818
8645,tt0390221
8656,tt0095468
8665,tt0372183
8666,tt0327554
8667,tt0359423
8670,tt0023563
8684,tt0049902
8690,tt0069280
8711,tt0040613
8724,tt0057091
8738,tt0055572
8772,tt0059749
8781,tt0368008
8783,tt0368447
8784,tt0333766
8798,tt0369339
8799,tt0361841
8800,tt0345061
8807,tt0366551
8808,tt0368933
8810,tt0370263
8814,tt0364751
8815,tt0204313
8830,tt0366174
8831,tt0324127
8833,tt0241025
8835,tt0338325
8836,tt0324554
8838,tt0071115
8848,tt0046521
8860,tt0337921
8861,tt0318627
8865,tt0346156
8866,tt0360201
8869,tt0361620
8870,tt0356618
8873,tt0318462
8874,tt0365748
8879,tt0071877
8880,tt0089560
8905,tt0103594
8906,tt0078935
8907,tt0307453
8908,tt0349710
8910,tt0356721
8911,tt0361696
8912,tt0316732
8914,tt0390384
8916,tt0358135
8917,tt0372588
8928,tt0061655
8937,tt0390022
8939,tt0364343
8943,tt0340012
8946,tt0252028
8947,tt0391198
8948,tt0375173
8949,tt0375063
8950,tt0361862
8951,tt0383694
8957,tt0387564
8958,tt0350258
8959,tt0337876
8961,tt0317705
8965,tt0338348
8966,tt0362269
8967,tt0387575
8968,tt0367479
8969,tt0317198
8970,tt0308644
8972,tt0368891
8973,tt0275491
8974,tt0345950
8977,tt0346491
8978,tt0388419
8981,tt0376541
8983,tt0385004
8984,tt0349903
8985,tt0359013
9004,tt0088979
9005,tt0106912
9010,tt0364517
25750,tt0015324
25753,tt0015881
25769,tt0019421
25773,tt0021079
25788,tt0023427
25805,tt0024844
25825,tt0027652
25827,tt0027996
25834,tt0028691
25850,tt0030241
25855,tt0031867
25856,tt0032145
25865,tt0032701
25898,tt0036506
25923,tt0038574
25927,tt0038991
25940,tt0040525
25963,tt0042804
25996,tt0047522
25999,tt0047677
26052,tt0053168
26082,tt0056058
26084,tt0056262
26085,tt0056264
26116,tt0058213
26122,tt0058430
26131,tt0058946
26150,tt0060107
26151,tt0060138
26152,tt0060153
26158,tt0060802
26171,tt0062136
26172,tt0062138
26183,tt0062687
26184,tt0062759
26225,tt0065772
26237,tt0066601
26249,tt0067355
26258,tt0067866
26283,tt0069865
26285,tt0069945
26303,tt0070698
26326,tt0071615
26340,tt0072901
26344,tt0073018
26350,tt0073580
26359,tt0074084
26375,tt0075223
26386,tt0076141
26391,tt0076451
26413,tt0078252
26422,tt0079261
26464,tt0085255
26492,tt0086491
26523,tt0088117
26547,tt0089374
26554,tt0089869
26555,tt0090056
26578,tt0091670
26585,tt0092263
26599,tt0093412
26603,tt0093777
26606,tt0093978
26629,tt0095444
26630,tt0095655
26631,tt0095715
26662,tt0097814
26680,tt0099329
26681,tt0099426
26696,tt0100029
26704,tt0100685
26713,tt0101258
26726,tt0101786
26729,tt0102015
26736,tt0102293
26743,tt0102587
26750,tt0102744
26776,tt0104652
26810,tt0106341
26819,tt0106950
26840,tt0108188
26865,tt0110200
26870,tt0110442
26875,tt0110917
26903,tt0113824
26947,tt0117407
26965,tt0118760
26974,tt0119237
27022,tt0124901
27032,tt0127357
27134,tt0164961
27156,tt0169858
27178,tt0177858
27193,tt0183869
27255,tt0209463
27266,tt0212712
27317,tt0235198
27368,tt0250223
27397,tt0260991
27408,tt0265651
27416,tt0269389
27426,tt0271946
27434,tt0273517
27441,tt0275230
27478,tt0284837
27482,tt0285492
27491,tt0286751
27523,tt0293715
27584,tt0308152
27592,tt0310775
27604,tt0312843
27618,tt0318081
27674,tt0331811
27689,tt0337103
27704,tt0338763
27705,tt0339135
27706,tt0339291
27716,tt0342492
27721,tt0344510
27728,tt0347246
27731,tt0347618
27741,tt0351817
27746,tt0353489
27772,tt0364385
27773,tt0364569
27784,tt0366292
27788,tt0366627
27790,tt0366777
27801,tt0368909
27802,tt0369060
27803,tt0369702
27808,tt0371246
27815,tt0372824
27816,tt0373283
27821,tt0373926
27822,tt0374102
27831,tt0375912
27834,tt0376968
27837,tt0377062
27838,tt0377091
27839,tt0377109
27846,tt0379225
27865,tt0384819
27869,tt0386064
27873,tt0387412
27878,tt0388789
27904,tt0405296
30707,tt0405159
30749,tt0395169
30793,tt0367594
30803,tt0423866
30810,tt0362270
30812,tt0338751
30816,tt0293508
30818,tt0363473
30820,tt0361127
30822,tt0385267
30825,tt0290002
30846,tt0364961
30848,tt0369672
30850,tt0379889
30894,tt0375210
30898,tt0365885
31116,tt0034167
31123,tt0310203
31162,tt0352520
31184,tt0401233
31193,tt0076363
31221,tt0357277
31223,tt0376105
31225,tt0393162
31309,tt0054248
31364,tt0353969
31367,tt0109402
31410,tt0363163
31420,tt0398712
31422,tt0368578
31424,tt0369226
31427,tt0382077
31431,tt0357507
31433,tt0372532
31435,tt0417791
31437,tt0408664
31522,tt0079095
31545,tt0054407
31617,tt0054847
31658,tt0347149
31660,tt0348121
31685,tt0386588
31694,tt0361411
31696,tt0360486
31698,tt0362165
31702,tt0424227
31804,tt0403358
31867,tt0331933
31878,tt0373074
31923,tt0072281
31952,tt0373981
31973,tt0039417
32009,tt0422093
32011,tt0257516
32017,tt0395699
32019,tt0377471
32029,tt0340163
32031,tt0358082
32179,tt0051378
32213,tt0377713
32289,tt0396652
32291,tt0378947
32296,tt0385307
32298,tt0372237
32300,tt0367631
32387,tt0060277
32442,tt0109936
32456,tt0110008
32460,tt0119472
32554,tt0113799
32587,tt0401792
32589,tt0388500
32596,tt0318649
32598,tt0332047
32649,tt0076085
32728,tt0074806
32770,tt0386342
32892,tt0056111
32906,tt0075404
33004,tt0371724
33085,tt0384806
33124,tt0384369
33145,tt0391304
33158,tt0329774
33162,tt0320661
33164,tt0397065
33166,tt0375679
33171,tt0370986
33294,tt0090248
33437,tt0342258
33493,tt0121766
33495,tt0384642
33499,tt0369735
33564,tt0055913
33615,tt0351283
33646,tt0398165
33649,tt0384504
33660,tt0352248
33669,tt0403508
33672,tt0355702
33679,tt0356910
33681,tt0424774
33683,tt0338095
33725,tt0388139
33781,tt0043949
33794,tt0372784
33815,tt0380623
33830,tt0400497
33834,tt0418819
33836,tt0374536
33880,tt0415978
33893,tt0395125
33896,tt0420251
33903,tt0408777
34048,tt0407304
34072,tt0428803
34143,tt0382628
34148,tt0411270
34150,tt0120667
34162,tt0396269
34271,tt0410097
34292,tt0099740
34319,tt0399201
34321,tt0408524
34323,tt0395584
34326,tt0403217
34332,tt0405325
34334,tt0382992
34336,tt0417001
34338,tt0436078
34405,tt0379786
34437,tt0412019
34520,tt0377818
34523,tt0406650
34528,tt0418773
34530,tt0367652
34532,tt0397101
34534,tt0430105
34536,tt0326905
34542,tt0427312
34811,tt0396184
35347,tt0047834
35836,tt0405422
35957,tt0421239
36276,tt0387898
36289,tt0133385
36363,tt0091341
36397,tt0361089
36401,tt0355295
36509,tt0402901
36517,tt0387131
36519,tt0388482
36525,tt0425123
36527,tt0377107
36529,tt0399295
36533,tt0384286
36535,tt0404030
36537,tt0318761
36850,tt0095403
36931,tt0386005
37380,tt0419706
37382,tt0421054
37384,tt0348333
37386,tt0402022
37475,tt0350261
37477,tt0399327
37720,tt0404032
37727,tt0408790
37729,tt0121164
37731,tt0385002
37733,tt0399146
37736,tt0380599
37739,tt0388980
37741,tt0379725
37830,tt0385700
37853,tt0378109
37857,tt0366780
38038,tt0312004
38061,tt0373469
38095,tt0456912
38159,tt0095467
38294,tt0402057
38388,tt0380389
38583,tt0092240
38798,tt0388125
38886,tt0367089
38992,tt0417217
39183,tt0388795
39231,tt0368709
39234,tt0395972
39292,tt0433383
39307,tt0418647
39381,tt0421238
39400,tt0432291
39414,tt0338427
39427,tt0371257
39435,tt0386140
39444,tt0384680
39446,tt0432348
39449,tt0387514
39869,tt0342735
40148,tt0365686
40278,tt0418763
40339,tt0371606
40412,tt0419677
40414,tt0424205
40491,tt0098532
40581,tt0433400
40583,tt0365737
40614,tt0398017
40617,tt0381966
40629,tt0414387
40723,tt0416315
40732,tt0435625
40815,tt0330373
40819,tt0358273
40826,tt0294870
40851,tt0406375
40870,tt0401085
40955,tt0411195
40959,tt0400525
40962,tt0443295
40966,tt0375920
41014,tt0065143
41285,tt0416320
41527,tt0445620
41566,tt0363771
41569,tt0360717
41571,tt0397535
41573,tt0356680
41617,tt0285175
41627,tt0061847
41716,tt0365485
41828,tt0060474
41863,tt0419294
41997,tt0408306
42002,tt0395251
42004,tt0407265
42007,tt0398375
42009,tt0452598
42011,tt0369441
42013,tt0267891
42015,tt0402894
42018,tt0413015
42418,tt0402399
42632,tt0451094
42718,tt0414852
42723,tt0450278
42725,tt0456554
42728,tt0375154
42730,tt0385726
42732,tt0408985
42734,tt0443536
42738,tt0401855
42946,tt0085127
43333,tt0240200
43376,tt0426578
43396,tt0412080
43419,tt0416496
43460,tt0423409
43556,tt0417433
43558,tt0421729
43560,tt0396752
43679,tt0414982
43684,tt0437777
43744,tt0421994
43836,tt0383216
43869,tt0381971
43871,tt0408345
43904,tt0455857
43908,tt0449061
43912,tt0349467
43917,tt0397313
43919,tt0466342
43921,tt0404390
43928,tt0370032
43930,tt0397078
43932,tt0454919
43936,tt0450232
44004,tt0427229
44022,tt0438097
44191,tt0434409
44193,tt0454945
44195,tt0427944
44197,tt0419749
44199,tt0454848
44204,tt0468565
44225,tt0429591
44397,tt0454841
44399,tt0393735
44555,tt0405094
44613,tt0446046
44657,tt0061996
44665,tt0425210
44694,tt0441909
44709,tt0437800
44731,tt0441796
44759,tt0430912
44761,tt0393109
44788,tt0493459
44828,tt0439815
44840,tt0437863
44849,tt0386741
44864,tt0436331
44929,tt0424880
44937,tt0456396
44972,tt0362120
44974,tt0424136
45028,tt0420087
45062,tt0443632
45074,tt0405469
45081,tt0384537
45106,tt0465142
45175,tt0434124
45183,tt0427954
45186,tt0317919
45208,tt0449089
45210,tt0475276
45221,tt0430634
45361,tt0429573
45382,tt0398027
45431,tt0327084
45440,tt0364955
45442,tt0409182
45447,tt0382625
45499,tt0376994
45501,tt0452594
45503,tt0438315
45517,tt0317219
45662,tt0466909
45666,tt0457510
45668,tt0410297
45672,tt0389860
45720,tt0458352
45722,tt0383574
45726,tt0463034
45728,tt0424345
45730,tt0452637
45732,tt0465624
45880,tt0422720
45928,tt0489037
45950,tt0497116
45969,tt0101545
46322,tt0446059
46335,tt0463985
46337,tt0455499
46347,tt0478209
46530,tt0348150
46578,tt0449059
46723,tt0449467
46855,tt0064040
46865,tt0430304
46948,tt0385880
46965,tt0417148
46967,tt0457513
46970,tt0415306
46972,tt0477347
46974,tt0469641
46976,tt0420223
47044,tt0430357
47099,tt0454921
47122,tt0455967
47124,tt0429589
47200,tt0479884
47202,tt0430576
47254,tt0402910
47261,tt0448075
47382,tt0462590
47384,tt0383060
47404,tt0452039
47423,tt0468489
47465,tt0410764
47491,tt0418455
47516,tt0433412
47518,tt0384793
47538,tt0074442
47610,tt0443543
47629,tt0436697
47640,tt0486551
47644,tt0445990
47725,tt0473753
47810,tt0450345
47894,tt0460989
47937,tt0464196
47950,tt0427969
47952,tt0475944
47970,tt0434139
47997,tt0387808
47999,tt0486358
48032,tt0419198
48043,tt0414993
48082,tt0354899
48142,tt0387877
48161,tt0421206
48262,tt0799954
48304,tt0472043
48319,tt0454824
48322,tt0493430
48326,tt0405676
48342,tt0435623
48385,tt0443453
48394,tt0457430
48412,tt0406816
48414,tt0400717
48416,tt0462519
48516,tt0407887
48518,tt0420294
48520,tt0424993
48560,tt0439289
48593,tt0483726
48596,tt0419946
48598,tt0420609
48678,tt0426459
48696,tt0404203
48738,tt0455590
48744,tt0367027
48774,tt0206634
48780,tt0482571
48783,tt0418689
48872,tt0475169
48877,tt0489270
48982,tt0424095
48997,tt0396171
49013,tt0452681
49130,tt0401445
49220,tt0470765
49265,tt0420901
49272,tt0381061
49274,tt0366548
49276,tt0454987
49278,tt0453467
49280,tt0308055
49284,tt0499603
49286,tt0457939
49314,tt0433387
49347,tt0460792
49396,tt0365830
49530,tt0450259
49647,tt0413895
49649,tt0449010
49651,tt0479143
49666,tt0422295
49772,tt0446755
49793,tt0758794
49822,tt0343737
49824,tt0443489
49910,tt0463998
49932,tt0460829
49957,tt0464049
49961,tt0465551
50003,tt0398913
50005,tt0473444
50064,tt0452624
50068,tt0498380
50147,tt0454082
50158,tt0775539
50160,tt0482546
50274,tt0489327
50442,tt0426883
50445,tt0455960
50514,tt0457655
50601,tt0398808
50685,tt0473308
50792,tt0395495
50794,tt0475394
50796,tt0397044
50798,tt0799949
50800,tt0425430
50802,tt0490084
50804,tt0367959
50806,tt0477051
50851,tt0380268
50872,tt0382932
50912,tt0401711
50923,tt0469263
50954,tt0482527
51037,tt0450340
51077,tt0259324
51080,tt0401997
51084,tt0758766
51086,tt0481369
51088,tt0499554
51091,tt0462200
51167,tt0476735
51174,tt0432402
51255,tt0425112
51412,tt0435705
51471,tt0454776
51540,tt0443706
51545,tt0425379
51575,tt0486946
51662,tt0416449
51694,tt0477095
51698,tt0768212
51705,tt0482088
51709,tt0468492
51834,tt0416508
51884,tt0433416
51903,tt0770772
51925,tt0477071
51927,tt0455760
51931,tt0490204
51935,tt0822854
51937,tt0800069
51939,tt0453556
52042,tt0389557
52241,tt0427470
52245,tt0445934
52279,tt0422774
52281,tt0462322
52283,tt0444682
52287,tt0396555
52328,tt0448134
52375,tt0462338
52458,tt0486822
52462,tt0455326
52579,tt0450188
52604,tt0488120
52644,tt0452702
52668,tt0419843
52694,tt0453451
52712,tt0435670
52722,tt0413300
52724,tt0338216
52831,tt0095583
52867,tt0458364
52885,tt0851578
52950,tt0409904
52952,tt0480025
52967,tt0491747
52973,tt0478311
52975,tt0427327
53000,tt0463854
53022,tt0087578
53121,tt0413267
53123,tt0907657
53125,tt0449088
53127,tt0470705
53129,tt0780571
53161,tt0497137
53318,tt0460740
53322,tt0496806
53326,tt0465203
53435,tt0498353
53447,tt0842929
53460,tt0423294
53464,tt0486576
53466,tt0479500
53468,tt0457572
53519,tt1028528
53550,tt0462504
53894,tt0386032
53921,tt0829459
53953,tt0450385
53956,tt0795368
53972,tt0337978
53974,tt0762114
53993,tt0413099
53996,tt0418279
54001,tt0373889
54004,tt0762107
54190,tt0445922
54256,tt0787475
54259,tt0486655
54272,tt0462538
54274,tt0897361
54276,tt0481141
54281,tt0423977
54286,tt0440963
54372,tt0362225
54503,tt0829482
54648,tt0293564
54686,tt0462396
54732,tt0424823
54734,tt0815244
54736,tt0431197
54745,tt0477078
54771,tt0427392
54780,tt0489237
54785,tt0373883
54787,tt0804461
54796,tt0841044
54881,tt0923752
54908,tt0804540
54910,tt0437857
54962,tt0810988
54995,tt1077258
54997,tt0381849
54999,tt0465602
55052,tt0783233
55069,tt1032846
55080,tt0476964
55094,tt0478134
55116,tt0455782
55118,tt0765443
55167,tt0831888
55190,tt0452643
55205,tt0480269
55232,tt0432021
55241,tt0419984
55245,tt0452625
55247,tt0758758
55250,tt0492956
55253,tt0808357
55261,tt0408839
55267,tt0480242
55269,tt0838221
55272,tt0498399
55274,tt0414055
55276,tt0465538
55278,tt0857265
55280,tt0805564
55282,tt0389722
55290,tt0452623
55363,tt0443680
55442,tt0808417
55444,tt0421082
55451,tt0866437
55553,tt0779982
55555,tt0880502
55577,tt0890870
55721,tt0861739
55729,tt0388182
55765,tt0765429
55768,tt0389790
55805,tt0292963
55814,tt0401383
55820,tt0477348
55830,tt0799934
55872,tt0426931
55908,tt0756683
55946,tt0891527
55995,tt0442933
56003,tt0405336
56145,tt0884328
56152,tt0461770
56156,tt0465494
56169,tt0211933
56171,tt0385752
56174,tt0480249
56176,tt0952640
56274,tt0757361
56286,tt0368794
56333,tt0775529
56339,tt0464141
56367,tt0467406
56389,tt0765120
56587,tt0825232
56607,tt0419887
56715,tt0477139
56757,tt0408236
56775,tt0465234
56782,tt0469494
56788,tt0472062
56801,tt0758730
56805,tt0841046
56915,tt0760329
56941,tt0431308
56949,tt0988595
57147,tt0795493
57183,tt0986264
57243,tt1032856
57274,tt1038988
57326,tt0460780
57368,tt1060277
57421,tt0422401
57504,tt0808506
57526,tt0880578
57528,tt0462499
57532,tt1073498
57536,tt0489282
57637,tt0780607
57640,tt0411477
57669,tt0780536
57843,tt0901507
57910,tt0780622
57951,tt0770752
58025,tt0489099
58047,tt0832266
58078,tt0485851
58103,tt0443274
58105,tt0416236
58107,tt1023481
58154,tt0467200
58156,tt0839980
58162,tt0425413
58191,tt0854678
58293,tt0443649
58295,tt0200465
58297,tt0483607
58299,tt0451079
58301,tt0808279
58303,tt0813547
58306,tt0416044
58315,tt0811138
58332,tt0848557
58347,tt0472160
58351,tt0870090
58492,tt0453548
58554,tt0988108
58559,tt0468569
58627,tt1023111
58655,tt0817538
58803,tt0478087
58806,tt0858479
58839,tt0379865
58876,tt0489281
58964,tt0856288
58972,tt0410377
58975,tt0963794
58998,tt0800039
59014,tt0426592
59016,tt0421073
59018,tt0857191
59022,tt0481536
59026,tt0875113
59037,tt0811080
59103,tt0865556
59118,tt1045670
59126,tt0815241
59129,tt0892899
59141,tt0845046
59258,tt0871426
59306,tt0926129
59315,tt0371746
59333,tt0866439
59336,tt1012804
59369,tt0936501
59387,tt0460791
59421,tt1033643
59501,tt0499448
59549,tt0942384
59604,tt0830558
59615,tt0367882
59725,tt1000774
59727,tt0482606
59731,tt1151309
59738,tt0490076
59784,tt0441773
59900,tt0960144
59985,tt0460745
59995,tt1078188
60037,tt0949731
60040,tt0800080
60069,tt0910970
60072,tt0493464
60074,tt0448157
60126,tt0425061
60128,tt0913445
60141,tt0964587
60293,tt1082886
60333,tt1093824
60397,tt0795421
60408,tt1064932
60471,tt0479528
60514,tt0373051
60516,tt0765476
60647,tt0800241
60684,tt0409459
60753,tt1117385
60756,tt0838283
60760,tt0443701
60766,tt1155592
60832,tt0964539
60894,tt0819714
60937,tt0859163
60941,tt0805570
60943,tt0978759
60950,tt0497465
61024,tt0910936
61026,tt0425637
61071,tt1018785
61132,tt0942385
61160,tt1185834
61210,tt0490181
61236,tt1185616
61240,tt1139797
61246,tt1104733
61248,tt0452608
61250,tt0852713
61255,tt1031969
61262,tt0790686
61289,tt0906665
61323,tt0887883
61348,tt1213644
61350,tt0364970
61352,tt0988047
61394,tt0392878
61401,tt0831887
61465,tt0814022
61697,tt1034331
61705,tt0947802
61729,tt0995039
61986,tt0800308
62081,tt1059786
62113,tt0455538
62155,tt0981227
62250,tt0929425
62293,tt0864761
62344,tt1084950
62374,tt0758774
62376,tt0970411
62394,tt0467197
62434,tt1007028
62437,tt1175491
62439,tt1046163
62511,tt0383028
62553,tt0416212
62644,tt1063669
62718,tt0963743
62792,tt0482572
62799,tt0469903
62849,tt1032755
62999,tt0479952
63033,tt0861689
63062,tt0824747
63072,tt0898367
63082,tt1010048
63113,tt0830515
63131,tt0430922
63222,tt1130988
63436,tt1132626
63479,tt1135985
63515,tt0851577
63540,tt1014775
63808,tt1068646
63826,tt1031280
63853,tt0455824
63859,tt0397892
63876,tt1013753
63992,tt1099212
64010,tt1172571
64030,tt1129442
64032,tt0369436
64034,tt0914798
64114,tt1129423
64116,tt0465502
64197,tt0986233
64231,tt0450314
64497,tt0970416
64499,tt0892255
64501,tt0374569
64575,tt0918927
64614,tt1205489
64620,tt0870111
64622,tt0976051
64695,tt1121794
64716,tt0814314
64839,tt1125849
64957,tt0421715
64969,tt1068680
64983,tt0985699
64993,tt0983213
65037,tt0953318
65088,tt0960731
65126,tt1024715
65130,tt0959337
65188,tt1152758
65193,tt1024255
65216,tt1034303
65230,tt0822832
65261,tt0876563
65514,tt1220719
65577,tt0420238
65585,tt0901476
65596,tt1259014
65601,tt1179891
65631,tt0850253
65642,tt0480669
65682,tt0834001
65685,tt0494238
65802,tt1114740
65810,tt0472198
65882,tt0815245
65982,tt0462465
66090,tt1020530
66097,tt0327597
66171,tt0465580
66198,tt0963178
66203,tt1001508
66310,tt0814685
66371,tt1069238
66427,tt0489235
66509,tt1201167
66665,tt1176740
66744,tt1023490
66783,tt0758746
66785,tt0901487
66798,tt0838232
67087,tt1155056
67186,tt0492044
67193,tt1135487
67197,tt0448011
67255,tt1132620
67267,tt0862846
67361,tt1124039
67408,tt0892782
67508,tt0765432
67534,tt0490086
67665,tt1157605
67695,tt1197628
67734,tt1091722
67788,tt1093908
67799,tt1234541
67923,tt1013752
67997,tt1226774
68073,tt1131729
68135,tt0974661
68157,tt0361748
68159,tt0473705
68194,tt1226271
68205,tt1121931
68237,tt1182345
68269,tt0962736
68319,tt0458525
68347,tt1127715
68358,tt0796366
68444,tt0460810
68486,tt1326972
68522,tt0393597
68536,tt0278736
68552,tt0924129
68554,tt0808151
68650,tt1032819
68659,tt0489049
68791,tt0438488
68793,tt1078912
68848,tt0844286
68932,tt0821642
68945,tt0169880
68952,tt1127180
68954,tt1049413
68959,tt0485323
69069,tt1083456
69118,tt0910905
69122,tt1119646
69131,tt0443559
69134,tt0870984
69275,tt1278340
69278,tt0457400
69304,tt0780567
69306,tt1111422
69394,tt1277737
69406,tt1041829
69436,tt1045778
69481,tt0887912
69516,tt1135092
69526,tt1055369
69529,tt1014762
69604,tt1178663
69606,tt0821640
69640,tt1152836
69644,tt1080016
69712,tt1078588
69757,tt1022603
69784,tt0889583
69844,tt0417741
69904,tt0470055
69951,tt1054606
70015,tt1194238
70159,tt1148204
70183,tt1142988
70206,tt0844479
70208,tt0971209
70286,tt1136608
70293,tt1135503
70301,tt1198138
70305,tt1075417
70334,tt1114677
70336,tt1046173
70361,tt1160368
70451,tt1029235
70533,tt0923811
70565,tt1092633
70599,tt0452694
70641,tt1151922
70663,tt1032815
70697,tt0436339
70708,tt0964185
70728,tt1172570
70862,tt1229360
70932,tt0865559
70946,tt0105643
70984,tt1127896
70994,tt1311067
71033,tt1305806
71057,tt0472033
71106,tt0910554
71108,tt1149362
71135,tt1188729
71156,tt1234548
71205,tt1131734
71211,tt1130080
71248,tt1225822
71252,tt1144884
71254,tt1034032
71264,tt0844471
71282,tt1286537
71304,tt0762073
71327,tt0810784
71379,tt1179904
71429,tt1262981
71438,tt1087578
71462,tt1313104
71464,tt1019452
71466,tt1174730
71468,tt1071804
71500,tt0862856
71518,tt1172233
71520,tt1058017
71530,tt0986263
71535,tt1156398
71550,tt1018818
71579,tt1174732
71619,tt1035736
71668,tt1078940
71745,tt0386117
71810,tt0126388
71823,tt0808399
71838,tt1197624
71899,tt0978762
71902,tt1186370
71910,tt0471041
72011,tt1193138
72129,tt1233227
72142,tt1128075
72165,tt0450405
72167,tt1300851
72171,tt1190536
72226,tt0432283
72294,tt1067106
72330,tt1134629
72378,tt1190080
72395,tt0929632
72405,tt1095217
72407,tt1259571
72479,tt0790712
72489,tt1186367
72554,tt1242422
72605,tt0765010
72641,tt0878804
72694,tt1247692
72696,tt0976238
72701,tt0762125
72714,tt0358456
72720,tt1315981
72731,tt0380510
72733,tt1057500
72737,tt0780521
72919,tt1314228
72998,tt0499549
73015,tt1230414
73017,tt0988045
73023,tt1263670
73042,tt1231580
73211,tt1226681
73266,tt0403702
73268,tt0433362
73290,tt1028532
73319,tt1216492
73321,tt1037705
73323,tt1343097
73344,tt1235166
73431,tt1107860
73676,tt0485976
73681,tt1320082
73804,tt0463872
73808,tt1190539
73881,tt1187043
73929,tt1038686
74154,tt1185416
74228,tt1187064
74275,tt1045772
74370,tt1172994
74450,tt0817230
74452,tt0780653
74458,tt1130884
74510,tt1216487
74530,tt0814255
74532,tt1385867
74545,tt1139328
74553,tt0485601
74580,tt1273678
74624,tt1186830
74668,tt1247640
74685,tt0455407
74688,tt0989757
74698,tt0808510
74727,tt0068519
74750,tt1245112
74754,tt0368226
74789,tt1014759
74795,tt0947810
74851,tt1179034
74868,tt1235124
74916,tt1234654
74946,tt0815236
74948,tt1289406
75341,tt1403981
75395,tt1323045
75805,tt1038919
75813,tt1151359
75985,tt1053424
76030,tt0795351
76060,tt1135525
76077,tt1231587
76091,tt1216496
76093,tt0892769
76173,tt1149361
76175,tt0800320
76251,tt1250777
76293,tt1279935
76763,tt1017451
77191,tt1321509
77201,tt0862467
77206,tt1196141
77364,tt0480255
77414,tt1294226
77421,tt1336617
77427,tt1467304
77455,tt1587707
77561,tt1228705
77667,tt1470023
77795,tt0381940
77798,tt1179056
77800,tt1341167
77866,tt0955308
78034,tt1196204
78039,tt1120985
78041,tt1103153
78088,tt1462758
78105,tt0473075
78174,tt1261945
78209,tt1226229
78218,tt0914863
78264,tt1212436
78266,tt1017460
78316,tt0892318
78349,tt1258197
78467,tt1075747
78469,tt0429493
78499,tt0435761
78574,tt1399683
78637,tt0892791
78703,tt1179794
78772,tt1325004
78836,tt1191111
78893,tt0938283
79057,tt1424381
79091,tt1323594
79132,tt1375666
79134,tt1375670
79139,tt0963966
79185,tt1013743
79224,tt1155076
79242,tt0842926
79251,tt1273235
79293,tt0944835
79357,tt0485947
79428,tt0427152
79553,tt1386932
79572,tt0493949
79590,tt1205535
79592,tt1386588
79684,tt0437405
79695,tt1320253
79702,tt0446029
79798,tt1424797
79879,tt0464154
79895,tt1179025
79897,tt1194263
79946,tt1285309
80094,tt1320244
80126,tt1440728
80162,tt1183276
80166,tt0889573
80219,tt0985694
80241,tt1322312
80363,tt1220634
80463,tt1285016
80489,tt0840361
80549,tt1282140
80551,tt0879870
80572,tt1356864
80586,tt0817177
80590,tt1027718
80615,tt1219342
80693,tt0804497
80727,tt1251757
80831,tt1228987
80839,tt1028576
80846,tt1314655
80858,tt1414382
80860,tt1055292
80862,tt1584016
80864,tt1182350
80880,tt1423995
80906,tt1645089
80917,tt1470827
80969,tt1334260
81018,tt0775489
81132,tt1612774
81156,tt1116184
81158,tt1559549
81229,tt1245526
81257,tt1340107
81383,tt1465487
81417,tt1536044
81456,tt1600524
81512,tt1212419
81535,tt1477076
81537,tt1231583
81562,tt1542344
81564,tt1001526
81591,tt0947798
81782,tt0477080
81784,tt1126618
81786,tt1020773
81788,tt1458175
81791,tt1421051
81819,tt1164999
81834,tt0926084
81845,tt1504320
81847,tt0398286
81932,tt0964517
82041,tt1316536
82053,tt1194417
82093,tt1213648
82095,tt1564585
82152,tt1152398
82167,tt0758752
82169,tt0980970
82202,tt1243957
82242,tt1401143
82378,tt1175709
82459,tt1403865
82461,tt1104001
82499,tt1341188
82527,tt1423894
82534,tt1172991
82667,tt1588170
82744,tt1433108
82765,tt1319718
82767,tt0935075
82852,tt0970866
82854,tt1320261
83086,tt1126591
83132,tt1568921
83134,tt1465522
83177,tt1302067
83270,tt1371155
83349,tt0990407
83369,tt1023114
83374,tt1032751
83480,tt0479997
83613,tt0409847
83910,tt1578275
83976,tt1740047
84152,tt1219289
84187,tt0860906
84189,tt1242432
84240,tt1422032
84273,tt1781069
84374,tt1411238
84392,tt1189340
84601,tt1401152
84615,tt1477837
84637,tt0377981
84696,tt1320239
84716,tt1499666
84772,tt1092026
84844,tt0238883
84942,tt1502404
84944,tt1192628
84950,tt0810922
84952,tt1590089
84954,tt1385826
85020,tt0472399
85022,tt0480687
85025,tt1034389
85056,tt1464540
85131,tt1217613
85179,tt1474276
85261,tt1305591
85342,tt1555149
85354,tt0411272
85367,tt1564367
85394,tt1664894
85397,tt1486185
85399,tt1464174
85401,tt1512235
85412,tt1740707
85414,tt0945513
85438,tt1229822
85510,tt0978764
85565,tt1487118
85774,tt1424432
85788,tt1591095
85796,tt1640459
85881,tt1606392
85885,tt1263750
86000,tt1560139
86014,tt1650043
86028,tt1220888
86059,tt1411704
86142,tt1436045
86190,tt0993842
86293,tt1334512
86295,tt1262416
86298,tt1436562
86320,tt1527186
86332,tt0800369
86548,tt1067583
86628,tt1416801
86644,tt1596343
86781,tt1255953
86815,tt1596346
86817,tt0491152
86833,tt1478338
86835,tt0822847
86880,tt1298650
86882,tt1605783
86892,tt1527788
86898,tt0478304
86911,tt1411697
86922,tt1528313
87028,tt1265990
87192,tt1478964
87194,tt1441912
87197,tt1533117
87222,tt1302011
87232,tt1270798
87234,tt1440292
87298,tt1531663
87304,tt1532503
87306,tt1650062
87430,tt1133985
87483,tt1396218
87485,tt1284575
87520,tt1399103
87522,tt1583420
87529,tt1240982
87785,tt1135084
87867,tt1222817
87869,tt1499658
87876,tt1216475
88069,tt1934231
88108,tt1067774
88125,tt1201607
88129,tt0780504
88140,tt0458339
88163,tt1570728
88179,tt1563738
88235,tt1540133
88267,tt1449283
88272,tt1714208
88356,tt0472181
88405,tt1632708
88515,tt1297919
88593,tt1230385
88672,tt1637706
88744,tt1318514
88785,tt1488555
88810,tt1454029
88812,tt1622547
88932,tt1622979
88954,tt1268799
89028,tt1270761
89030,tt1438176
89039,tt1549572
89047,tt1403177
89072,tt1464580
89085,tt1226753
89087,tt1657507
89118,tt1189073
89190,tt0816462
89305,tt1716772
89343,tt0873886
89388,tt1742650
89427,tt1633356
89470,tt1598778
89492,tt1210166
89582,tt1632547
89745,tt0848228
89753,tt1340800
89759,tt1832382
89761,tt1571222
89774,tt1291584
89804,tt1124035
89837,tt1788391
89840,tt1448755
89864,tt1306980
89904,tt1655442
90057,tt1675192
90249,tt0433035
90343,tt1068242
90345,tt0905372
90357,tt1204340
90374,tt1441326
90376,tt1242460
90403,tt1509767
90405,tt1637688
90428,tt0466893
90430,tt1692486
90439,tt1615147
90469,tt1778304
90471,tt1582248
90522,tt1634122
90524,tt1600195
90528,tt1440345
90531,tt1723811
90576,tt0770703
90600,tt1614989
90647,tt0448694
90717,tt0471042
90719,tt1616195
90738,tt1646980
90746,tt0983193
90809,tt1847731
90863,tt1113829
90866,tt0970179
90888,tt1253864
90890,tt0810913
90943,tt1972663
91077,tt1033575
91079,tt1758692
91094,tt1204342
91104,tt1324999
91126,tt1568911
91128,tt0376136
91273,tt1181795
91323,tt1366344
91325,tt0477302
91386,tt1402488
91414,tt1430607
91483,tt1308729
91485,tt1764651
91500,tt1392170
91529,tt1345836
91535,tt1194173
91542,tt1515091
91571,tt1372686
91622,tt1625346
91628,tt1598822
91630,tt1229238
91653,tt1389137
91658,tt1568346
91660,tt1093357
91671,tt1615918
91690,tt1720616
91842,tt1524137
91890,tt1007029
91974,tt1496025
91976,tt1601913
91978,tt1568338
92008,tt1506999
92048,tt0896872
92192,tt1772240
92198,tt1214962
92234,tt0485985
92243,tt1410063
92259,tt1675434
92264,tt1598828
92309,tt1594562
92391,tt1703199
92420,tt1706593
92422,tt1596365
92439,tt1645080
92507,tt1599348
92509,tt1606389
92643,tt2011971
92665,tt1996264
92681,tt1397514
92694,tt1439572
92938,tt1071875
93242,tt1838544
93270,tt1636826
93272,tt1482459
93287,tt1053810
93297,tt1591479
93326,tt1596350
93363,tt0401729
93443,tt1456635
93502,tt1535970
93510,tt1232829
93512,tt1588334
93563,tt1592525
93598,tt1680114
93721,tt1772925
93740,tt1441952
93766,tt1646987
93790,tt1683526
93805,tt1034314
93819,tt1610996
93831,tt1605630
93838,tt1899353
93840,tt1259521
93855,tt1912398
93980,tt0383010
93982,tt1486192
94015,tt1667353
94018,tt1440129
94070,tt1412386
94150,tt1435513
94266,tt1195478
94323,tt1621045
94325,tt1327194
94405,tt1656190
94478,tt1077368
94661,tt1434447
94677,tt1645170
94777,tt1409024
94780,tt1735898
94799,tt1748207
94833,tt1430626
94864,tt1446714
94867,tt2040560
94896,tt1704573
94931,tt1592281
94953,tt1655460
94959,tt1748122
94985,tt1567609
95067,tt0763831
95088,tt1862079
95105,tt1277953
95135,tt1742336
95167,tt1217209
95199,tt1586265
95201,tt1859650
95207,tt1611224
95307,tt1336608
95309,tt1307068
95441,tt1637725
95449,tt1915581
95499,tt0142242
95508,tt1598873
95510,tt0948470
95543,tt1667889
95558,tt2125435
95583,tt1615065
95720,tt1298649
95744,tt1602472
95761,tt1726669
95873,tt1839492
95875,tt1386703
95939,tt1924394
96020,tt1235841
96079,tt1074638
96110,tt1790886
96121,tt1535438
96150,tt2125666
96281,tt1623288
96283,tt2023453
96373,tt1441940
96417,tt1547234
96430,tt1462769
96432,tt1212450
96448,tt1714203
96488,tt2125608
96563,tt2028530
96567,tt1840417
96588,tt1981677
96606,tt0770802
96610,tt1276104
96616,tt1232200
96655,tt1990314
96691,tt1855325
96728,tt1560747
96737,tt1343727
96811,tt1855199
96815,tt2105044
96821,tt1659337
96829,tt2106476
96832,tt2076220
96861,tt1397280
96917,tt1582507
96964,tt1658837
96975,tt1592873
97024,tt2053425
97168,tt1183919
97172,tt1142977
97188,tt1922777
97225,tt0837562
97230,tt2014338
97304,tt1024648
97306,tt1931533
97328,tt1872818
97643,tt1649444
97665,tt1597522
97701,tt2109184
97742,tt1712170
97752,tt1371111
97785,tt0938330
97836,tt1648179
97860,tt1764234
97866,tt1966604
97870,tt1866249
97904,tt2063781
97913,tt1772341
97921,tt1045658
97923,tt1907668
97936,tt1781769
97938,tt0454876
97950,tt1258972
97988,tt1713476
98122,tt1942884
98154,tt0443272
98203,tt1673434
98230,tt1715873
98239,tt1234719
98243,tt1446192
98279,tt2006040
98296,tt1667310
98361,tt1531901
98585,tt0975645
98604,tt1798188
98607,tt1483797
98809,tt0903624
98961,tt1790885
99005,tt1925431
99007,tt1588173
99087,tt1540128
99106,tt1694020
99112,tt0790724
99114,tt1853728
99117,tt1758830
99145,tt1649419
99149,tt1707386
99415,tt1047540
99437,tt1783732
99574,tt2091473
99636,tt2181931
99721,tt1572315
99728,tt1321870
99750,tt1491044
99910,tt1549920
99917,tt2084989
100068,tt1911553
100083,tt1333125
100159,tt2023690
100163,tt1428538
100302,tt1374992
100306,tt0165623
100326,tt1389096
100383,tt2053463
100390,tt2024432
100397,tt1935896
100487,tt1559547
100498,tt1606378
100507,tt1711425
100527,tt1702439
100556,tt2375605
100579,tt1659343
100611,tt0765446
100714,tt2209418
100737,tt0882977
100810,tt2387433
100843,tt1954701
100882,tt2017561
101025,tt1351685
101070,tt2258858
101076,tt1583421
101088,tt1682180
101112,tt1623205
101142,tt0481499
101283,tt0790628
101360,tt1911644
101362,tt2302755
101415,tt1763303
101525,tt1817273
101529,tt1935902
101577,tt1517260
101612,tt1814621
101739,tt1288558
101741,tt1924429
101864,tt1483013
101895,tt0453562
101962,tt2140203
101973,tt1433811
102033,tt1980209
102066,tt1977895
102070,tt1525366
102088,tt1462900
102123,tt1245492
102125,tt1300854
102194,tt1935179
102407,tt1343092
102445,tt1408101
102481,tt2234155
102666,tt0070233
102684,tt1602613
102686,tt1951261
102716,tt1905041
102720,tt0848537
102800,tt2347569
102802,tt1731697
102819,tt1291580
102880,tt1815862
102903,tt1670345
102993,tt1727388
103027,tt2094064
103042,tt0770828
103048,tt2179116
103075,tt2184339
103107,tt2396566
103137,tt2132285
103141,tt1453405
103219,tt2103217
103228,tt1663662
103235,tt1924396
103249,tt0816711
103253,tt1535108
103335,tt1690953
103339,tt2334879
103341,tt1213663
103366,tt1893256
103372,tt2404463
103384,tt1210819
103449,tt1829012
103483,tt2450186
103539,tt1714206
103606,tt2205697
103624,tt2334649
103655,tt0790736
103685,tt2375574
103688,tt1457767
103755,tt1860353
103772,tt1430132
103801,tt2265398
103810,tt1821694
103883,tt1272878
103980,tt2334873
103984,tt2358891
104074,tt1854564
104076,tt2017020
104078,tt0469021
104129,tt2016940
104211,tt1723121
104218,tt2191701
104241,tt1650554
104243,tt1411250
104245,tt1691917
104272,tt2545118
104283,tt2013293
104303,tt2357129
104337,tt1327773
104339,tt2294677
104374,tt2194499
104457,tt1853739
104760,tt2167202
104841,tt1454468
104863,tt1486834
104879,tt1392214
104906,tt1985019
104908,tt2226417
104913,tt1979320
104925,tt2404311
104944,tt2370248
105037,tt1758795
105197,tt1821549
105211,tt2390361
105213,tt2229499
105246,tt2027140
105351,tt2364841
105355,tt2278871
105468,tt1985966
105504,tt1535109
105585,tt2002718
105593,tt1450321
105653,tt1211956
105731,tt1939659
105755,tt2193215
105835,tt1825157
105844,tt2024544
105954,tt2017038
106002,tt1731141
106062,tt3063516
106072,tt1981115
106100,tt0790636
106144,tt2304426
106330,tt1204975
106438,tt2431286
106441,tt0816442
106487,tt1951264
106489,tt1170358
106491,tt1335975
106540,tt2387559
106542,tt1196948
106696,tt2294629
106766,tt2042568
106782,tt0993846
106785,tt2312718
106839,tt2304771
106873,tt0860907
106916,tt1800241
106918,tt0359950
106920,tt1798709
107069,tt1091191
107141,tt2140373
107314,tt1321511
107348,tt1229340
107406,tt1706620
107412,tt0060584
107436,tt2345567
107565,tt2987732
107702,tt1661382
107771,tt1714915
107953,tt2263944
107997,tt2309021
108078,tt1937118
108156,tt1408253
108188,tt1205537
108190,tt1840309
108540,tt1816518
108689,tt1418377
108715,tt1609479
108727,tt1937390
108729,tt2316411
108928,tt2177771
108932,tt1490017
108945,tt1234721
108949,tt2172985
108981,tt2382009
109042,tt1545660
109161,tt2406252
109187,tt2333804
109191,tt1837709
109372,tt1826590
109374,tt2278388
109483,tt1800246
109487,tt0816692
109569,tt2172934
109578,tt2024469
109633,tt2591814
109673,tt1253863
109723,tt2212008
109846,tt0864835
109848,tt1441395
109850,tt2369135
109853,tt2355495
109864,tt2771372
109895,tt2170299
109897,tt3210686
109971,tt2955316
110102,tt1843866
110127,tt1959490
110130,tt1821658
110286,tt2059171
110297,tt2281587
110350,tt3203290
110501,tt2265171
110553,tt1872181
110586,tt2234003
110591,tt2388715
110603,tt2528814
110611,tt1179031
110655,tt2357291
110718,tt2258345
110730,tt2209764
110771,tt2203939
110773,tt2828996
110826,tt1430612
110882,tt2692904
111113,tt2004420
111360,tt2872732
111362,tt1877832
111364,tt0831387
111375,tt2463288
111384,tt2359024
111443,tt2883512
111551,tt2309961
111617,tt1086772
111622,tt1980929
111659,tt1587310
111663,tt2784512
111743,tt2557490
111759,tt1631867
111781,tt2381249
111795,tt1647668
111921,tt2582846
112070,tt2172584
112138,tt2294449
112171,tt0455944
112175,tt1646971
112183,tt2562232
112290,tt1065073
112303,tt2239832
112316,tt1742044
112334,tt3268458
112370,tt2109248
112421,tt1605717
112450,tt2398249
112460,tt2980706
112497,tt2103254
112515,tt2321549
112552,tt2582802
112556,tt2267998
112580,tt1294970
112623,tt2103281
112727,tt2377322
112749,tt2465146
112788,tt1956620
112804,tt2884206
112818,tt2975578
112852,tt2015381
112868,tt2910814
112897,tt2333784
112911,tt1267297
112940,tt1972571
113159,tt2581244
113207,tt2473602
113225,tt2870756
113252,tt3504048
113275,tt2980648
113313,tt2503154
113345,tt1617661
113348,tt1291150
113378,tt0435651
113453,tt1924435
113532,tt3097204
113565,tt2383068
113573,tt0458481
113604,tt1355630
113705,tt2737050
113741,tt2866360
113780,tt2870612
113829,tt2756032
113862,tt2980592
114028,tt3169706
114044,tt3177316
114060,tt1600196
114066,tt2920540
114074,tt1571249
114180,tt1790864
114184,tt2994190
114246,tt0365907
114265,tt2034031
114494,tt3042408
114554,tt2576852
114601,tt1371150
114662,tt2179136
114670,tt3099498
114678,tt1626146
114707,tt1528071
114713,tt3322940
114762,tt2140619
114795,tt0829150
114818,tt2494280
114847,tt1971325
114925,tt2326612
114935,tt2397535
115122,tt3416742
115149,tt2911666
115170,tt1872194
115210,tt2713180
115216,tt2720680
115231,tt2170593
115502,tt2509850
115569,tt2872718
115617,tt2245084
115664,tt2262227
115667,tt1638002
115680,tt2669336
115713,tt0470752
115828,tt2459156
116138,tt2802154
116207,tt2249221
116411,tt2991224
116529,tt1966566
116668,tt2832470
116724,tt2036416
116797,tt2084970
116799,tt1791528
116817,tt1798243
116823,tt1951265
116887,tt1528100
116897,tt3011894
116977,tt2096672
117176,tt2980516
117364,tt3455224
117444,tt1865505
117466,tt1390411
117529,tt0369610
117533,tt4044364
117545,tt3759416
117590,tt2170439
117851,tt1911658
117867,tt2614684
117881,tt3316960
117887,tt1109624
117895,tt4046784
118082,tt1567437
118354,tt1216491
118696,tt2310332
118700,tt1020072
118702,tt1809398
118706,tt2261331
118814,tt2139555
118880,tt2326554
118896,tt3612616
118900,tt2305051
118924,tt2784678
118985,tt1126590
118997,tt2180411
119068,tt3179568
119141,tt2788710
119145,tt2802144
119155,tt2692250
119655,tt1121096
120130,tt2061702
120138,tt2338151
120466,tt1823672
120478,tt3674140
120625,tt3560686
120635,tt2446042
120637,tt2717822
120783,tt2452200
120799,tt1340138
121169,tt2570858
121231,tt3235888
121253,tt2561546
122882,tt1392190
122884,tt3195644
122886,tt2488496
122888,tt2638144
122890,tt0803096
122892,tt2395427
122896,tt1790809
122898,tt0974015
122900,tt0478970
122902,tt1502712
122904,tt1431045
122906,tt1825683
122912,tt4154756
122916,tt3501632
122918,tt3896198
122920,tt3498820
122922,tt1211837
122924,tt3385516
122926,tt2250912
123947,tt3442006
124859,tt2039393
125914,tt3045616
125916,tt2322441
126420,tt2923316
126548,tt1666801
127052,tt0059550
127096,tt2436386
127108,tt2381111
127114,tt3416744
127116,tt3726704
127130,tt2872462
127134,tt1178665
127136,tt2273657
127146,tt4229236
127152,tt4257858
127164,tt4284010
127198,tt3850214
127202,tt2582496
127204,tt3844362
127212,tt0420293
127298,tt1883180
127319,tt1850397
128360,tt3460252
128488,tt2231253
128512,tt3622592
128520,tt0884732
128542,tt2535470
128592,tt3181822
128620,tt4226388
128695,tt2650978
128838,tt2554274
128975,tt2637294
129354,tt2381941
129428,tt2555736
129657,tt2401097
129659,tt2097298
129737,tt2358925
129937,tt2199571
130052,tt1780798
130073,tt1661199
130083,tt2917388
130087,tt3203616
130450,tt3332064
130452,tt1791682
130490,tt2908446
130520,tt2224026
130576,tt2649554
130578,tt2515034
130634,tt2820852
130686,tt2118624
130840,tt3395184
131013,tt2561572
131439,tt2393845
131656,tt2872750
131714,tt2493486
131796,tt2404425
131920,tt2962876
132046,tt1964418
132157,tt3450650
132424,tt2726560
132496,tt1772288
132660,tt3064298
132796,tt2126355
132800,tt2788716
133195,tt2679042
133281,tt3623726
133419,tt2848292
133545,tt2980472
133645,tt2402927
133712,tt0076727
133771,tt3464902
133782,tt1881002
133798,tt2967224
133802,tt3205376
133832,tt2403021
133867,tt1731701
134021,tt2486678
134130,tt3659388
134214,tt3312830
134246,tt3247714
134248,tt4382552
134334,tt0419058
134368,tt3079380
134393,tt3152624
134528,tt1243974
134775,tt3672840
134783,tt1674771
134853,tt2096673
134859,tt2415458
134881,tt0903657
135133,tt1951266
135137,tt2120120
135143,tt3183660
135288,tt3168230
135436,tt2709768
135518,tt2140379
135532,tt1618442
135534,tt3850590
135536,tt1386697
135567,tt1628841
135569,tt2660888
135777,tt0495034
135861,tt2637276
135885,tt1727770
135887,tt2293640
136016,tt1979388
136018,tt1355683
136020,tt2379713
136449,tt1260502
136562,tt2080374
136564,tt2884018
136598,tt1524930
136602,tt2428170
136864,tt2975590
137337,tt2870648
137595,tt2268016
137857,tt3040964
137863,tt3819668
138036,tt1638355
138208,tt3488710
138210,tt4172430
138610,tt2309260
139052,tt2402101
139385,tt1663202
139415,tt3715320
139642,tt1798684
139644,tt3397884
139655,tt3086442
139747,tt0443465
139855,tt2401878
139857,tt4005402
139915,tt1725986
140110,tt2361509
140162,tt3774694
140174,tt3170832
140247,tt4178092
140267,tt4263482
140289,tt3877674
140523,tt3567288
140525,tt1741273
140627,tt4084744
140711,tt3316948
140715,tt1398426
140725,tt3813310
140816,tt3824458
140928,tt2446980
140956,tt1677720
141004,tt1976009
141408,tt1727776
141422,tt3077214
141544,tt3672742
141668,tt3832914
141688,tt3569230
141718,tt3705412
141749,tt0810819
141799,tt2490326
141866,tt4062536
141890,tt1365050
142074,tt3605418
142222,tt1172049
142372,tt1018765
142420,tt0462335
142422,tt3530002
142424,tt2625810
142448,tt2719848
142456,tt3792960
142488,tt1895587
142507,tt1596345
142509,tt3072482
142536,tt2503944
142598,tt2965466
142602,tt3702996
142831,tt0453671
142997,tt2510894
143245,tt1754656
143257,tt3774466
143355,tt0451279
143365,tt4287320
143367,tt0490215
143385,tt3682448
143859,tt0475290
143969,tt4176826
144606,tt0270288
144620,tt1051904
144976,tt2494362
145150,tt2910904
145418,tt3203606
145839,tt3322364
145935,tt2452042
146210,tt3748440
146244,tt0118983
146309,tt4272866
146656,tt3076658
146688,tt1291570
147410,tt3577624
148172,tt2304933
148482,tt3859076
148626,tt1596363
148652,tt2479478
148888,tt1608290
148956,tt1292566
149011,tt2386404
149334,tt4550098
149352,tt1528854
149354,tt1850457
149406,tt2267968
149830,tt1374989
150254,tt4935372
151315,tt2869728
151317,tt3471098
151455,tt1083452
151687,tt3231054
151695,tt2580382
151739,tt1860213
151777,tt2025690
152063,tt2404233
152065,tt4285496
152071,tt3499096
152077,tt1179933
152079,tt3300542
152081,tt2948356
152083,tt3553442
152091,tt3381008
152372,tt4935334
152591,tt2888046
152970,tt4698684
155064,tt1974419
155288,tt2057392
155509,tt2091935
155659,tt4136084
155743,tt3760922
155812,tt1468846
155820,tt4139124
156371,tt2937696
156387,tt3544112
156605,tt5247022
156607,tt2381991
156609,tt4438848
156706,tt3733774
156726,tt5022702
157122,tt0787524
157200,tt2241351
157270,tt3628584
157296,tt2277860
157312,tt2702724
157340,tt1985949
157407,tt3212232
157699,tt3774114
158238,tt3799694
158528,tt4052882
158783,tt4016934
158813,tt2567026
158830,tt3691740
158842,tt5111874
158872,tt1700841
158956,tt2667380
158966,tt3553976
158972,tt4048272
159061,tt5215952
159077,tt4501454
159093,tt3110958
159193,tt4513674
159415,tt4034354
159441,tt4769836
159690,tt3949660
159717,tt2452386
159755,tt3960412
159858,tt3065204
159976,tt0995868
160080,tt1289401
160271,tt1489889
160289,tt5275892
160400,tt1703957
160438,tt4196776
160563,tt0918940
160565,tt4094724
160567,tt2823054
160569,tt3416828
160571,tt4786282
160573,tt2788732
160684,tt3963816
160848,tt3666024
160954,tt3531824
160980,tt3263904
161127,tt1355631
161131,tt2005151
161354,tt4853102
161580,tt4651520
161582,tt2582782
161594,tt5595168
161634,tt4160708
161922,tt1878870
161966,tt3716530
162082,tt5700672
162350,tt2404435
162414,tt4975722
162478,tt2461150
162578,tt4302938
162590,tt1473832
162598,tt1860357
162600,tt1935859
162602,tt3631112
162606,tt2140479
162828,tt4781612
163056,tt4262980
163134,tt5311514
163645,tt2119532
163937,tt1540011
163981,tt3835080
163985,tt5640450
164179,tt2543164
164200,tt4624424
164367,tt4547056
164540,tt5952332
164909,tt3783958
164917,tt5895028
165101,tt3062096
165103,tt2387499
165347,tt3393786
165549,tt4034228
165551,tt3741834
165645,tt1798603
165947,tt1542768
166291,tt5323662
166461,tt3521164
166492,tt1711525
166526,tt3922818
166528,tt3748528
166534,tt4972582
166558,tt3717252
166568,tt4540710
166635,tt1355644
166643,tt4846340
166705,tt2671706
166946,tt4276820
167018,tt4501244
167036,tt3470600
167064,tt5804038
167370,tt2094766
167380,tt1753383
167634,tt3401882
167732,tt3606888
167746,tt4116284
168248,tt4425200
168250,tt5052448
168252,tt3315342
168254,tt3731562
168266,tt2763304
168326,tt5462602
168366,tt2771200
168418,tt3874544
168492,tt5726616
168608,tt2396589
168612,tt1219827
168712,tt4465564
169670,tt4255304
169982,tt3717490
169984,tt2316204
169992,tt4158096
170399,tt0493405
170401,tt1412528
170697,tt4481414
170813,tt1469304
170817,tt2334871
170827,tt2345759
170875,tt4630562
170897,tt5893332
170939,tt2091256
170945,tt4695012
170957,tt3606752
171751,tt0374887
171759,tt5592248
171763,tt3890160
171765,tt3967856
171867,tt4799050
172547,tt3469046
173145,tt3450958
173197,tt4995790
173205,tt5536736
173209,tt4758646
173291,tt2239822
173925,tt1536537
173941,tt2406566
174045,tt2417712
174055,tt5013056
174727,tt4846232
174815,tt4481514
174909,tt5439796
175197,tt1648190
175199,tt5140878
175303,tt1396484
175475,tt4877122
175485,tt1241317
175569,tt5362988
175585,tt4633690
175661,tt1959563
176101,tt4649466
176371,tt1856101
176419,tt5109784
176423,tt6333060
176751,tt3532216
176935,tt1981128
177593,tt5027774
177615,tt4925292
177763,tt3402236
177765,tt2380307
178061,tt5580036
178323,tt7291268
178827,tt4468740
179119,tt4686844
179133,tt3262342
179401,tt2283362
179491,tt4348012
179709,tt5825380
179749,tt3654796
179815,tt6000478
179817,tt4555426
179819,tt2527336
179953,tt6359956
180031,tt5580390
180045,tt4209788
180095,tt2543472
180231,tt5657846
180265,tt7214762
180297,tt3521126
180497,tt6294822
180985,tt1485796
180987,tt3411444
181315,tt5776858
182715,tt2798920
182823,tt5519340
183011,tt1590193
183295,tt5726086
183611,tt2704998
183635,tt4500922
183897,tt5104604
184015,tt5783956
184253,tt2548396
184471,tt1365519
184641,tt5607028
184721,tt6053438
184931,tt1137450
184987,tt1620680
184997,tt5164432
185029,tt6644200
185031,tt4244998
185033,tt4547194
185435,tt3317234
185473,tt2531344
185585,tt2557478
186587,tt2231461
187031,tt4881806
187541,tt3606756
187593,tt5463162
187595,tt3778644
187717,tt7681902
188189,tt5688932
188301,tt5095030
188675,tt6768578
188751,tt6911608
188797,tt2854926
188833,tt1318517
189333,tt4912910
189713,tt7349662
190183,tt4073790
