tconst,tag_id
tt0838283,1
tt0838283,2
tt0838283,3
tt1291584,4
tt1291584,5
tt1291584,6
tt0993846,7
tt0993846,8
tt0993846,9
tt0407887,10
tt0106519,11
tt0106519,12
tt0106519,13
tt0071562,11
tt0071562,14
tt0253474,15
tt0253474,16
tt0425210,17
tt0488120,18
tt0488120,19
tt0488120,17
tt0119738,20
tt0119738,21
tt1126590,22
tt2788710,23
tt0816692,24
tt0816692,25
tt0816692,26
tt0113497,27
tt0113497,28
tt0113497,29
tt0112573,30
tt0112573,31
tt0112573,32
tt0112573,33
tt0112573,34
tt0112573,35
tt0112573,36
tt0112573,37
tt0112573,38
tt0106220,39
tt0106220,40
tt0106220,41
tt0106220,42
tt0106220,43
tt0106220,44
tt0099674,11
tt0099674,45
tt0099674,46
tt0099674,47
tt0099674,13
tt0101272,39
tt0101272,40
tt0101272,41
tt0101272,48
tt0101272,44
tt0101272,49
tt0104431,43
tt0104431,1
tt0104431,50
tt0104431,51
tt0120363,52
tt0120363,53
tt0120363,1
tt0120363,54
tt0120363,55
tt0120363,51
tt0120363,56
tt0172495,57
tt0172495,58
tt0172495,59
tt0172495,60
tt0172495,37
tt0172495,61
tt0172495,62
tt0215750,63
tt0215750,64
tt0215750,65
tt0215750,66
tt0215750,67
tt0278504,11
tt0278504,68
tt0278504,69
tt0278504,29
tt0309593,51
tt0309593,70
tt0286716,71
tt0286716,72
tt0286716,73
tt0286716,74
tt0311429,75
tt0311429,76
tt0311429,44
tt0311429,77
tt0311429,78
tt0311429,79
tt0325703,80
tt0325703,81
tt0325703,82
tt0167260,83
tt0167260,84
tt0167260,27
tt0167260,85
tt0167260,86
tt0167260,87
tt0167260,88
tt0167260,89
tt0167260,90
tt0357413,91
tt0357413,92
tt0357413,93
tt0339291,42
tt0339291,94
tt0339291,95
tt0339291,49
tt0339291,89
tt0371246,96
tt0371246,43
tt0371246,97
tt0375912,98
tt0375912,99
tt0375912,100
tt0375912,101
tt0375912,102
tt0375912,103
tt0375912,6
tt0347149,104
tt0347149,85
tt0347149,105
tt0347149,106
tt0320661,107
tt0320661,108
tt0320661,109
tt0320661,110
tt0120667,111
tt0120667,76
tt0120667,82
tt0120667,112
tt0120667,113
tt0120667,79
tt0121164,44
tt0121164,114
tt0121164,115
tt0121164,116
tt0121164,117
tt0373469,39
tt0373469,118
tt0373469,119
tt0373469,120
tt0373469,121
tt0373469,122
tt0382625,80
tt0382625,123
tt0382625,124
tt0382625,125
tt0382625,126
tt0382625,56
tt0382625,127
tt0449467,128
tt0449467,129
tt0449467,130
tt0449467,131
tt0477347,132
tt0477347,29
tt0420223,133
tt0420223,134
tt0420223,135
tt0420223,136
tt0420223,137
tt0420223,93
tt0401445,138
tt0450259,139
tt0450259,140
tt0450259,141
tt0450259,142
tt0450259,8
tt0486576,143
tt0486576,144
tt0486576,145
tt0486576,111
tt0486576,112
tt0486576,146
tt0486576,113
tt0832266,65
tt0832266,147
tt0499448,27
tt0499448,148
tt0499448,149
tt0499448,150
tt0448157,151
tt0448157,152
tt0448157,153
tt0425061,154
tt0425061,92
tt0838283,155
tt0910936,155
tt0910936,156
tt0910936,157
tt0910936,158
tt1099212,159
tt1099212,160
tt1099212,161
tt1099212,162
tt1099212,163
tt0844286,164
tt0844286,165
tt0844286,1
tt0844286,166
tt0844286,167
tt0844286,65
tt1156398,168
tt1156398,42
tt1156398,169
tt1156398,1
tt1156398,170
tt1156398,171
tt1133985,159
tt1133985,172
tt1133985,173
tt1133985,76
tt1133985,174
tt1133985,175
tt1133985,147
tt1133985,176
tt1133985,79
tt1632708,155
tt1632708,1
tt1632708,177
tt1632708,178
tt1632708,179
tt1632708,180
tt1632708,181
tt1632708,136
tt1632708,182
tt1397280,183
tt1397280,109
tt1397280,184
tt1397280,185
tt1397280,186
tt1853728,187
tt1853728,188
tt1853728,1
tt1853728,189
tt1853728,190
tt1853728,191
tt1853728,8
tt1853728,192
tt1853728,193
tt1853728,194
tt1853728,195
tt0770828,196
tt0770828,79
tt1486834,197
tt1486834,198
tt1229340,155
tt1229340,92
tt1229340,199
tt1229340,3
tt1840309,200
tt1840309,201
tt1840309,202
tt1840309,203
tt1840309,204
tt1840309,184
tt1840309,205
tt1840309,206
tt2557490,152
tt2557490,109
tt2557490,207
tt2557490,122
tt1790864,187
tt1790864,202
tt1790864,204
tt1790864,208
tt1790864,209
tt1790864,210
tt1790864,211
tt1790864,212
tt2911666,213
tt2911666,214
tt2911666,215
tt2911666,216
tt2911666,217
tt2911666,103
tt3011894,39
tt3011894,42
tt3011894,218
tt3011894,219
tt3011894,220
tt3011894,221
tt2788710,222
tt2788710,155
tt2788710,1
tt2788710,156
tt2788710,157
tt4154756,76
tt4154756,223
tt4154756,224
tt4154756,225
tt4154756,146
tt4154756,226
tt4154756,121
tt4154756,227
tt4154756,228
tt4154756,229
tt3460252,230
tt3460252,231
tt3460252,232
tt3460252,233
tt3460252,192
tt3460252,193
tt3460252,234
tt3460252,70
tt3460252,235
tt1951266,202
tt1951266,236
tt1951266,237
tt1951266,238
tt1951266,239
tt1951266,240
tt1951266,241
tt2140379,242
tt2140379,243
tt2140379,244
tt2140379,245
tt1386697,246
tt1386697,247
tt1386697,248
tt1386697,249
tt1386697,76
tt1386697,250
tt1386697,189
tt1386697,251
tt1386697,252
tt1386697,253
tt1386697,254
tt1386697,255
tt1386697,256
tt1386697,257
tt1386697,258
tt1386697,259
tt1386697,79
tt1386697,117
tt1386697,153
tt2975590,187
tt2975590,260
tt2975590,261
tt2975590,262
tt2975590,250
tt2975590,263
tt2975590,79
tt2975590,264
tt2975590,265
tt1663202,266
tt1663202,209
tt1663202,267
tt1663202,117
tt3553976,268
tt3553976,269
tt3553976,270
tt3553976,271
tt3553976,272
tt3553976,273
tt4425200,187
tt4425200,213
tt4425200,274
tt4425200,275
tt4425200,215
tt4425200,102
tt4425200,217
tt2283362,276
tt2283362,277
tt2283362,278
tt2283362,1
tt2704998,277
tt2704998,1
tt2704998,279
tt1365519,80
tt1365519,280
tt1365519,281
tt5463162,282
tt5463162,147
tt5463162,283
tt3778644,284
tt3778644,285
tt0076759,286
tt0076759,287
tt0076759,187
tt0076759,25
tt0076759,288
tt0076759,86
tt0110912,120
tt0110912,86
tt0110912,289
tt0241527,290
tt1170358,80
tt0076759,291
tt0076759,292
tt0076759,293
tt0481499,52
tt0481499,1
tt0481499,294
tt2911666,187
tt2911666,295
tt2911666,296
tt2245084,52
tt2245084,297
tt2245084,298
tt2446042,187
tt2446042,299
tt2446042,300
tt0119925,301
tt0119925,302
tt0124198,42
tt0124198,218
tt0120655,303
tt0120655,304
tt0120655,305
tt0120655,306
tt0266308,307
tt0266308,23
tt0266308,308
tt0266308,309
tt0266308,202
tt0266308,310
tt0266308,306
tt0266308,131
tt0266308,209
tt0266308,311
tt0289879,312
tt0289879,25
tt0289879,313
tt0289879,314
tt0387564,308
tt0387564,118
tt0387564,315
tt0387564,316
tt0387564,317
tt0387564,318
tt0387564,319
tt0364517,320
tt0451094,321
tt0808279,218
tt0497465,322
tt1007028,157
tt1007028,323
tt1197628,157
tt1333125,324
tt1333125,325
tt1333125,326
tt1333125,283
tt1333125,306
tt2937696,327
tt1700841,328
tt1700841,317
tt1700841,283
tt1700841,306
tt1700841,329
tt0159097,330
tt0309698,331
tt0309530,332
tt0309530,333
tt0865556,334
tt0865556,335
tt0396555,336
tt0110413,337
tt0110413,338
tt0440963,337
tt0440963,339
tt0440963,340
tt0440963,341
tt0116483,342
tt2245084,343
tt2245084,344
tt2245084,345
tt0154506,346
tt0154506,347
tt0154506,348
tt0154506,317
tt0154506,349
tt0154506,350
tt0120903,187
tt0120903,76
tt0120903,351
tt0120903,74
tt0120903,79
tt0209144,262
tt0209144,352
tt0209144,353
tt0209144,354
tt0209144,17
tt0241527,355
tt0241527,356
tt0241527,357
tt0241527,358
tt0278504,359
tt0278504,360
tt0275277,361
tt0275277,104
tt0275277,25
tt0169858,104
tt0169858,362
tt0169858,31
tt0169858,363
tt0169858,354
tt0076759,364
tt0246578,68
tt0246578,365
tt0246578,366
tt0246578,367
tt0246578,368
tt0246578,137
tt0246578,314
tt0319061,366
tt0319061,369
tt0319061,137
tt0319061,116
tt0338013,312
tt0338013,370
tt0338013,360
tt0454876,371
tt0454876,372
tt0454876,137
tt0076759,373
tt0076759,374
tt0482571,375
tt1666801,1
tt1666801,376
tt0458525,76
tt0113228,377
tt0113228,378
tt0108052,379
tt0092099,184
tt0382932,380
tt0382932,33
tt2310332,381
tt0335266,68
tt0181865,7
tt0268978,382
tt0289043,383
tt0315733,384
tt0357413,385
tt0379786,184
tt0861739,386
tt1465522,39
tt0117951,307
tt0117951,42
tt0117951,387
tt0914798,388
tt0914798,389
tt1049413,80
tt1049413,390
tt1049413,391
tt1049413,392
tt1049413,393
tt1049413,394
tt1049413,71
tt1049413,395
tt1049413,55
tt1559549,396
tt1403865,68
tt1403865,397
tt1403865,398
tt1403865,399
tt1403865,184
tt0831387,400
tt0110357,53
tt0110357,401
tt0110357,402
tt0088258,403
tt0129387,132
tt0099422,76
tt0146882,403
tt0181875,403
tt0357413,404
tt0425112,405
tt0114709,406
tt0112462,79
tt0108333,407
tt0097165,408
tt0401792,409
tt0352248,410
tt0396269,411
tt0399295,412
tt0121164,52
tt0388125,413
tt0076759,414
tt0076759,176
tt0090060,415
tt0348333,416
tt0411195,417
tt0887883,42
tt0112697,161
tt0112697,1
tt0112697,418
tt0112697,419
tt0112697,420
tt0117509,421
tt0117509,8
tt0117509,422
tt0117509,423
tt0167404,424
tt0167404,425
tt0167404,426
tt0167404,60
tt0167404,317
tt0167404,89
tt0167404,17
tt0212720,427
tt0212720,428
tt0212720,429
tt0212720,430
tt0257044,371
tt0257044,56
tt0030287,431
tt0030287,432
tt0337563,167
tt0377092,118
tt0377092,433
tt0377092,434
tt0407887,8
tt0407887,319
tt0407887,17
tt0407887,435
tt0381849,436
tt0452623,437
tt0452623,438
tt0452623,439
tt1392170,440
tt1345836,154
tt1345836,436
tt1345836,347
tt1345836,76
tt1345836,316
tt1345836,441
tt1345836,442
tt1345836,79
tt1790885,443
tt1790885,444
tt1790885,445
tt1790885,446
tt1790885,447
tt0114746,314
tt0114369,448
tt0114369,17
tt0114814,317
tt0114814,319
tt0114814,210
tt0114814,449
tt0114814,17
tt0112461,450
tt0112461,451
tt0112461,8
tt0112461,452
tt0113540,309
tt0113540,181
tt0113540,453
tt0109445,454
tt0109445,91
tt0109445,455
tt0109445,49
tt0109445,122
tt0076759,456
tt0110632,321
tt0110632,309
tt0110632,42
tt0110632,457
tt0110632,306
tt0110632,89
tt0110912,365
tt0110912,7
tt0110912,192
tt0110912,458
tt0110357,459
tt0108052,360
tt0083658,25
tt0103064,460
tt0103064,461
tt0103064,462
tt0103064,25
tt0103064,463
tt0103064,314
tt0116282,464
tt0116282,42
tt0116282,465
tt0116282,466
tt0117381,467
tt0117381,354
tt0117381,319
tt0117381,360
tt0117381,17
tt0105236,84
tt0105236,353
tt0105236,192
tt0105236,89
tt0117318,468
tt0071853,405
tt0071853,469
tt0073486,470
tt0073486,471
tt0082971,80
tt0082971,472
tt0082971,473
tt0082971,430
tt0082971,127
tt0090605,187
tt0090605,474
tt0090605,475
tt0090605,25
tt0090605,176
tt0090605,476
tt0090605,477
tt0090605,319
tt0054215,478
tt0054215,354
tt0054215,479
tt0054215,480
tt0088247,276
tt0088247,428
tt0088247,298
tt0088247,481
tt0088247,482
tt0088247,480
tt0088247,314
tt0081505,68
tt0081505,483
tt0081505,484
tt0081505,471
tt0081505,485
tt0081505,368
tt0081505,486
tt0081505,319
tt0101540,475
tt0101540,487
tt0101540,9
tt0101540,488
tt0119174,317
tt0119174,125
tt0119174,489
tt0119174,368
tt0119174,319
tt0119174,17
tt0119217,33
tt0138704,367
tt0138704,490
tt0138704,317
tt0138704,491
tt0129387,492
tt0129387,493
tt0063522,424
tt0063522,494
tt0063522,495
tt0063522,496
tt0063522,319
tt0120770,497
tt0120586,360
tt0134273,498
tt0133093,499
tt0133093,25
tt0158983,500
tt0158983,309
tt0158983,492
tt0158983,501
tt0158983,502
tt0158983,306
tt0158983,503
tt0158983,504
tt0137523,42
tt0137523,354
tt0137523,360
tt0137523,17
tt0134119,307
tt0134119,494
tt0134119,483
tt0134119,64
tt0134119,299
tt0134119,505
tt0134119,354
tt0134119,506
tt0134119,507
tt0134119,319
tt0172493,508
tt0172493,464
tt0172493,509
tt0172493,510
tt0172493,354
tt0172493,511
tt0100157,512
tt0100157,475
tt0100157,496
tt0100157,513
tt0100157,479
tt0100157,480
tt0100157,210
tt0093773,474
tt0093773,25
tt0093773,514
tt0218839,306
tt0212338,155
tt0212338,488
tt0209144,448
tt0209144,368
tt0086250,11
tt0196229,515
tt0196229,155
tt0196229,516
tt0196229,493
tt0196229,517
tt0196229,93
tt0246578,518
tt0120737,27
tt0120737,519
tt0120737,358
tt0120737,520
tt0120737,521
tt0120737,522
tt0042876,346
tt0042876,523
tt0317248,130
tt0317248,16
tt0302886,155
tt0302886,93
tt0251736,524
tt0338013,525
tt0357413,155
tt0361862,436
tt0361862,494
tt0361862,526
tt0361862,354
tt0361862,527
tt0361862,17
tt0290002,132
tt0290002,488
tt0395584,524
tt0418763,528
tt0418763,529
tt0407887,68
tt0407887,530
tt0407887,9
tt0470705,531
tt0470705,124
tt0470705,494
tt0470705,532
tt0470705,495
tt0470705,533
tt0327597,534
tt0327597,494
tt0327597,262
tt0327597,535
tt0327597,536
tt0327597,116
tt0361748,39
tt0361748,128
tt0361748,188
tt0361748,192
tt0361748,306
tt1130884,537
tt1130884,8
tt1130884,9
tt1130884,489
tt1130884,368
tt1130884,538
tt1130884,360
tt1375666,187
tt1375666,312
tt1375666,8
tt1375666,25
tt1375666,360
tt1375666,117
tt1542344,539
tt0947798,540
tt0947798,68
tt0947798,494
tt0947798,475
tt0947798,505
tt0947798,137
tt1670345,541
tt1670345,542
tt1670345,184
tt1670345,543
tt1392214,544
tt1392214,545
tt1392214,68
tt1392214,546
tt1392214,528
tt1392214,547
tt1392214,448
tt1392214,210
tt0790636,254
tt0790636,131
tt0790636,548
tt1170358,27
tt1170358,90
tt1170358,549
tt0816692,347
tt2321549,68
tt2321549,262
tt2321549,550
tt2321549,368
tt2267998,551
tt2267998,552
tt0057012,42
tt0468569,354
tt0468569,79
tt0167261,553
tt0903624,276
tt0903624,553
tt0113497,554
tt0113041,555
tt0113041,556
tt0114319,556
tt0112346,239
tt0112346,557
tt0113987,239
tt0113987,557
tt0112641,14
tt0114388,558
tt0113161,559
tt0112722,507
tt0113627,560
tt0112682,561
tt0112792,376
tt0112792,562
tt0112431,563
tt0112431,564
tt0112818,565
tt0112818,566
tt0113442,567
tt0112697,568
tt0112697,558
tt0114279,569
tt0114681,570
tt0114369,507
tt0114814,571
tt0113819,572
tt0113819,573
tt0110877,574
tt0113862,403
tt0117002,575
tt0115734,576
tt0116483,577
tt0117110,578
tt0112573,579
tt0075314,445
tt0103859,580
tt0118055,581
tt0112384,582
tt0112384,583
tt0112384,176
tt0112715,584
tt0112740,585
tt0109508,586
tt0113957,587
tt0058450,588
tt0112471,589
tt0112508,590
tt0109445,589
tt0112883,490
tt0112883,354
tt0109642,591
tt0111797,586
tt0109707,592
tt0110057,593
tt0110005,594
tt0110116,595
tt0110099,596
tt0113501,597
tt0076759,598
tt0076759,599
tt0076759,600
tt0110367,601
tt0113670,602
tt0113670,603
tt0113670,372
tt0110428,602
tt0110428,490
tt0110527,604
tt0113870,605
tt0110638,606
tt0110638,567
tt0110729,586
tt0110413,607
tt0110912,607
tt0110932,608
tt0108394,609
tt0111507,610
tt0111282,314
tt0111070,604
tt0111161,605
tt0111161,591
tt0111161,611
tt0110081,586
tt0111280,612
tt0108550,490
tt0114857,507
tt0114924,613
tt0110598,594
tt0110598,614
tt0109045,615
tt0109045,616
tt0109045,617
tt0109444,618
tt0109446,619
tt0109484,620
tt0109830,621
tt0109830,622
tt0109831,21
tt0110167,623
tt0110771,581
tt0111257,624
tt0111503,625
tt0111693,560
tt0106226,626
tt0106673,627
tt0106918,619
tt0106977,628
tt0110074,629
tt0107206,445
tt0107207,630
tt0108551,631
tt0107290,632
tt0107616,569
tt0107614,615
tt0107614,394
tt0107614,616
tt0107818,633
tt0107943,634
tt0107943,635
tt0110971,446
tt0105275,594
tt0105275,636
tt0105275,311
tt0108002,637
tt0108052,638
tt0108065,639
tt0108071,586
tt0108101,640
tt0108122,641
tt0108149,642
tt0108160,643
tt0083658,298
tt0108174,644
tt0107688,604
tt0107688,645
tt0114906,646
tt0099785,647
tt0099653,162
tt0103639,53
tt0103064,298
tt0099348,648
tt0099348,649
tt0096895,79
tt0102926,650
tt0029583,53
tt0101414,53
tt0032910,53
tt0100405,573
tt0116282,397
tt0065421,53
tt0117381,651
tt0115956,652
tt0117060,628
tt0048473,372
tt0052572,372
tt0117128,653
tt0117705,654
tt0117979,655
tt0117500,656
tt0117998,657
tt0115571,474
tt0057012,658
tt0117951,659
tt0116629,474
tt0116905,586
tt0117913,619
tt0116313,660
tt0117438,561
tt0116191,558
tt0117918,577
tt0068646,14
tt0032904,394
tt0045152,592
tt0043278,661
tt0054698,662
tt0052357,663
tt0047396,664
tt0025316,665
tt0036855,666
tt0053125,667
tt0053604,660
tt0053291,616
tt0056923,571
tt0034583,668
tt0033870,669
tt0058385,670
tt0047437,671
tt0046250,672
tt0046250,673
tt0037059,674
tt0032138,675
tt0032138,676
tt0031381,677
tt0043014,678
tt0033467,679
tt0062622,680
tt0062622,176
tt0042192,559
tt0032143,394
tt0032976,681
tt0032484,682
tt0032484,581
tt0032484,683
tt0038787,445
tt0038109,684
tt0042451,21
tt0031725,685
tt0031725,686
tt0051658,573
tt0029843,687
tt0039420,426
tt0029162,688
tt0027125,689
tt0028010,690
tt0028010,691
tt0028010,692
tt0049261,693
tt0025878,694
tt0032599,665
tt0048960,642
tt0038650,604
tt0031679,695
tt0029947,696
tt0029947,692
tt0026029,697
tt0063350,383
tt0043265,698
tt0051459,699
tt0033891,581
tt0116329,563
tt0117039,630
tt0115678,700
tt0115862,565
tt0115862,619
tt0064603,53
tt0064603,642
tt0055277,567
tt0042332,53
tt0057546,53
tt0057546,701
tt0058331,53
tt0058331,702
tt0033563,53
tt0076538,53
tt0043274,53
tt0082406,53
tt0059742,703
tt0117589,586
tt0117887,704
tt0117509,569
tt0055018,705
tt0095159,706
tt0079470,707
tt0079470,502
tt0079470,708
tt0084865,615
tt0068334,239
tt0061418,709
tt0061418,710
tt0092890,711
tt0092890,403
tt0105236,571
tt0105236,311
tt0091763,622
tt0101761,712
tt0101761,713
tt0101761,403
tt0084707,638
tt0083866,474
tt0092099,714
tt0048545,715
tt0048545,646
tt0044081,699
tt0082846,716
tt0072081,717
tt0081375,446
tt0071853,602
tt0071853,701
tt0118147,718
tt0118147,586
tt0103850,239
tt0050825,597
tt0050825,446
tt0099703,576
tt0116209,660
tt0097937,586
tt0105488,594
tt0105488,711
tt0096257,586
tt0096257,300
tt0073486,490
tt0080684,719
tt0080684,176
tt0080684,600
tt0093779,720
tt0093779,721
tt0082971,722
tt0060196,723
tt0050083,597
tt0056172,724
tt0066921,725
tt0056592,726
tt0056592,636
tt0078788,622
tt0064116,723
tt0086190,598
tt0086190,599
tt0086190,600
tt0041959,727
tt0041959,728
tt0041959,729
tt0099685,14
tt0078748,474
tt0089881,523
tt0054215,730
tt0080455,731
tt0093058,622
tt0097499,569
tt0086879,732
tt0086879,733
tt0081398,718
tt0075686,734
tt0086197,583
tt0086197,176
tt0082096,585
tt0070735,735
tt0067185,736
tt0050976,639
tt0050976,737
tt0097441,677
tt0100519,738
tt0079522,346
tt0100150,14
tt0097165,433
tt0061722,739
tt0100263,607
tt0050212,740
tt0071315,741
tt0043456,474
tt0040897,742
tt0088794,743
tt0081505,591
tt0092005,591
tt0022100,507
tt0057115,740
tt0077416,622
tt0105695,37
tt0056218,445
tt0056218,725
tt0036613,299
tt0088763,314
tt0066206,67
tt0061512,605
tt0099334,586
tt0072431,653
tt0101640,586
tt0032553,744
tt0032455,53
tt0044706,745
tt0038355,746
tt0097493,376
tt0088258,747
tt0088258,748
tt0097576,472
tt0097576,749
tt0078841,750
tt0083987,372
tt0091867,751
tt0087553,752
tt0087553,622
tt0049223,738
tt0049223,176
tt0097351,753
tt0073341,372
tt0064115,576
tt0098635,734
tt0056869,754
tt0101540,556
tt0055824,755
tt0074285,376
tt0074285,756
tt0074285,591
tt0013442,757
tt0075005,758
tt0117057,759
tt0115751,708
tt0117731,760
tt0117666,761
tt0117293,586
tt0115988,762
tt0115433,71
tt0115433,556
tt0102975,763
tt0084726,764
tt0092007,765
tt0103776,79
tt0077631,376
tt0084021,376
tt0073195,766
tt0085750,767
tt0116695,768
tt0093822,397
tt0105435,769
tt0117571,770
tt0117571,653
tt0104691,771
tt0104691,772
tt0116477,569
tt0116250,773
tt0106387,490
tt0116790,586
tt0118111,748
tt0119008,14
tt0119432,774
tt0119528,755
tt0119229,607
tt0119229,775
tt0120032,775
tt0117615,776
tt0115744,586
tt0119567,777
tt0119738,614
tt0119094,778
tt0119654,474
tt0119173,446
tt0118571,557
tt0099810,618
tt0119488,779
tt0119349,780
tt0119280,602
tt0119280,781
tt0118971,782
tt0119177,783
tt0083131,446
tt0119978,586
tt0090329,784
tt0120148,785
tt0120382,608
tt0120520,786
tt0119668,787
tt0120082,51
tt0120082,770
tt0120082,653
tt0120255,788
tt0120255,737
tt0120338,789
tt0118715,397
tt0119223,790
tt0118929,684
tt0120888,791
tt0119942,239
tt0120176,17
tt0120728,792
tt0118849,586
tt0120902,793
tt0120780,571
tt0073540,594
tt0120591,176
tt0138704,382
tt0026752,794
tt0037884,560
tt0039416,795
tt0039416,796
tt0041113,797
tt0041113,586
tt0041113,798
tt0047296,718
tt0047296,799
tt0055614,800
tt0061811,636
tt0063385,801
tt0064665,573
tt0067116,7
tt0067116,300
tt0075148,718
tt0075148,768
tt0079417,394
tt0082158,802
tt0082158,768
tt0089755,660
tt0089755,139
tt0093389,803
tt0095953,804
tt0097239,805
tt0082418,806
tt0083972,806
tt0087298,806
tt0089173,806
tt0091080,806
tt0082495,807
tt0085636,807
tt0084516,426
tt0091778,426
tt0095889,426
tt0070047,758
tt0120746,808
tt0120746,809
tt0096874,314
tt0047478,523
tt0094947,660
tt0095497,707
tt0095497,810
tt0120815,67
tt0097523,53
tt0120768,300
tt0120783,567
tt0098213,811
tt0098213,812
tt0089853,586
tt0039689,370
tt0086423,403
tt0090756,813
tt0090756,814
tt0061852,53
tt0048280,53
tt0055254,53
tt0088161,815
tt0102250,816
tt0086066,817
tt0087469,472
tt0077869,818
tt0085407,591
tt0085382,591
tt0087050,591
tt0084649,819
tt0091790,791
tt0091790,376
tt0063522,758
tt0120611,757
tt0044079,299
tt0042994,820
tt0094226,821
tt0094226,710
tt0037017,209
tt0036342,822
tt0034248,495
tt0030341,823
tt0092699,581
tt0095593,14
tt0098258,824
tt0098258,825
tt0100212,14
tt0104257,597
tt0104257,446
tt0099487,826
tt0063462,827
tt0104952,597
tt0119670,646
tt0090830,565
tt0080678,826
tt0118799,638
tt0120586,636
tt0133952,447
tt0120484,637
tt0127536,602
tt0050783,586
tt0120623,55
tt0140888,828
tt0154420,586
tt0147004,586
tt0120324,571
tt0120794,707
tt0120794,829
tt0138097,602
tt0084602,718
tt0089927,718
tt0100507,718
tt0087538,499
tt0091326,499
tt0097647,499
tt0097958,647
tt0128853,830
tt0128853,556
tt0129290,831
tt0091877,561
tt0091605,708
tt0090555,594
tt0092493,594
tt0151804,832
tt0151804,833
tt0085333,591
tt0063442,17
tt0057129,426
tt0054443,834
tt0049408,835
tt0133093,785
tt0147800,738
tt0151738,376
tt0126250,836
tt0120797,837
tt0120907,838
tt0037913,839
tt0120915,840
tt0120915,841
tt0078346,79
tt0081573,79
tt0086393,79
tt0021884,586
tt0044121,474
tt0049366,715
tt0186508,586
tt0130827,842
tt0099052,843
tt0185937,844
tt0185937,845
tt0120663,813
tt0087332,426
tt0097428,846
tt0171363,556
tt0132347,79
tt0049406,571
tt0054331,847
tt0054331,61
tt0054331,848
tt0091530,849
tt0091530,850
tt0093818,851
tt0093818,852
tt0129167,298
tt0167404,853
tt0088889,591
tt0080339,854
tt0080339,653
tt0094737,392
tt0107798,782
tt0085334,604
tt0138304,474
tt0058182,855
tt0068473,856
tt0082348,602
tt0082348,701
tt0056443,586
tt0086200,573
tt0091042,433
tt0086617,857
tt0086617,858
tt0086617,581
tt0037558,660
tt0033804,623
tt0035169,692
tt0046126,586
tt0038559,859
tt0119256,623
tt0137523,311
tt0166896,860
tt0166896,861
tt0048977,834
tt0081633,314
tt0096438,862
tt0119698,104
tt0140352,863
tt0140352,16
tt0181288,586
tt0065088,864
tt0055630,523
tt0086465,865
tt0079540,866
tt0101669,370
tt0101669,403
tt0120655,708
tt0101605,586
tt0094027,376
tt0093565,734
tt0162661,867
tt0096061,647
tt0096061,868
tt0032551,869
tt0032551,870
tt0033045,617
tt0087781,753
tt0087781,768
tt0093010,660
tt0101889,691
tt0087921,636
tt0155711,616
tt0172396,871
tt0120689,591
tt0067328,872
tt0175880,873
tt0125664,874
tt0177789,653
tt0134119,682
tt0174856,718
tt0120866,569
tt0083929,376
tt0105417,875
tt0106246,586
tt0104070,876
tt0104231,630
tt0104454,877
tt0105812,593
tt0104040,878
tt0134084,770
tt0134084,653
tt0018773,879
tt0018773,880
tt0021749,881
tt0012349,882
tt0185014,574
tt0055471,646
tt0055471,813
tt0042276,617
tt0091217,593
tt0072251,883
tt0102138,239
tt0102138,557
tt0195685,884
tt0195685,16
tt0078718,782
tt0077975,885
tt0077975,886
tt0097216,636
tt0036775,887
tt0061735,888
tt0061735,889
tt0061735,890
tt0061735,636
tt0191043,586
tt0057261,891
tt0027977,892
tt0054997,893
tt0053946,597
tt0053946,894
tt0053946,708
tt0043924,865
tt0146882,895
tt0102057,896
tt0077928,586
tt0074958,581
tt0063374,586
tt0122459,778
tt0098067,897
tt0102713,898
tt0171433,651
tt0171433,899
tt0056687,900
tt0051383,709
tt0048140,901
tt0080487,577
tt0159097,780
tt0159097,902
tt0044837,586
tt0189584,903
tt0189584,708
tt0089791,904
tt0015864,905
tt0047673,604
tt0074486,586
tt0086979,397
tt0102951,750
tt0099726,569
tt0077362,622
tt0071360,769
tt0070666,300
tt0052561,597
tt0080310,597
tt0098384,906
tt0088206,79
tt0181875,581
tt0181875,907
tt0168629,908
tt0168629,892
tt0218839,909
tt0024184,910
tt0180093,659
tt0249462,911
tt0203230,43
tt0170016,912
tt0217869,79
tt0190332,913
tt0190332,499
tt0094291,903
tt0181536,574
tt0212346,914
tt0190590,915
tt0120202,678
tt0181865,628
tt0083907,383
tt0093209,586
tt0039190,604
tt0053793,916
tt0053793,708
tt0060086,813
tt0091474,917
tt0091474,507
tt0100486,918
tt0088000,885
tt0091860,586
tt0209144,919
tt0227538,769
tt0243155,920
tt0055895,560
tt0079638,921
tt0066011,737
tt0126029,922
tt0095647,642
tt0095647,805
tt0094142,923
tt0045810,586
tt0048605,660
tt0084805,616
tt0212720,298
tt0203632,924
tt0082136,642
tt0016847,586
tt0250494,782
tt0227445,571
tt0094608,925
tt0094739,567
tt0094898,139
tt0094898,926
tt0095687,474
tt0096018,927
tt0091949,298
tt0096163,561
tt0096163,617
tt0096320,567
tt0096928,314
tt0097778,928
tt0097815,753
tt0163025,777
tt0265029,559
tt0265029,592
tt0162346,646
tt0098536,71
tt0098546,750
tt0102316,929
tt0033836,43
tt0108473,556
tt0086312,930
tt0086312,931
tt0091993,583
tt0091993,176
tt0240890,21
tt0080549,932
tt0067093,796
tt0067093,933
tt0272152,474
tt0272152,898
tt0243133,397
tt0241527,934
tt0256009,426
tt0035140,354
tt0240772,571
tt0037515,586
tt0020697,859
tt0020697,935
tt0211915,936
tt0265666,868
tt0101452,314
tt0120737,818
tt0051525,636
tt0051201,937
tt0051201,597
tt0086619,615
tt0086619,796
tt0285742,642
tt0245844,938
tt0245844,37
tt0044391,592
tt0069281,586
tt0265343,372
tt0074174,753
tt0258000,576
tt0042876,586
tt0264616,708
tt0038890,586
tt0157583,67
tt0145487,79
tt0276751,895
tt0247199,795
tt0247199,796
tt0181689,783
tt0252444,594
tt0065234,586
tt0058888,586
tt0286106,474
tt0279113,660
tt0279113,939
tt0265459,940
tt0265459,941
tt0090966,691
tt0280760,646
tt0044829,576
tt0044829,571
tt0245429,104
tt0289765,917
tt0246677,942
tt0035211,753
tt0035211,943
tt0310793,944
tt0272338,945
tt0095327,946
tt0095327,882
tt0082432,947
tt0120679,948
tt0299117,580
tt0297884,949
tt0295297,358
tt0295297,934
tt0258068,871
tt0287467,613
tt0058777,139
tt0167261,818
tt0307901,576
tt0307901,859
tt0096283,104
tt0264464,576
tt0299658,597
tt0299658,950
tt0299658,299
tt0309912,801
tt0253474,638
tt0317248,576
tt0317248,940
tt0317248,311
tt0052918,839
tt0052918,642
tt0280653,586
tt0303361,951
tt0084335,952
tt0084335,239
tt0084335,828
tt0084352,653
tt0300471,602
tt0291579,505
tt0078872,953
tt0053172,954
tt0053172,813
tt0278731,490
tt0161860,67
tt0286499,955
tt0099776,638
tt0099776,67
tt0099699,926
tt0178868,750
tt0028597,692
tt0042593,873
tt0183649,576
tt0311519,684
tt0300140,573
tt0310281,748
tt0311289,392
tt0301727,754
tt0060390,956
tt0334405,957
tt0290334,958
tt0290334,959
tt0290334,960
tt0290334,79
tt0290334,961
tt0285861,623
tt0092067,104
tt0309530,962
tt0315327,708
tt0266543,53
tt0266543,706
tt0317740,571
tt0342172,963
tt0298228,603
tt0101410,592
tt0051878,586
tt0333780,239
tt0165982,687
tt0325980,687
tt0301199,964
tt0329575,953
tt0055256,965
tt0318411,708
tt0058715,707
tt0305206,966
tt0090103,967
tt0062467,908
tt0041546,43
tt0041546,968
tt0041546,299
tt0040725,911
tt0057413,717
tt0235060,586
tt0044741,969
tt0325805,970
tt0325805,971
tt0335266,965
tt0291350,586
tt0070510,586
tt0064418,972
tt0089730,973
tt0327137,563
tt0309820,708
tt0314412,660
tt0314412,969
tt0286244,974
tt0047472,975
tt0089424,586
tt0074119,581
tt0074119,976
tt0092603,977
tt0085959,405
tt0102945,978
tt0210070,979
tt0102768,684
tt0066344,604
tt0061809,346
tt0061809,662
tt0061809,576
tt0061809,565
tt0061809,299
tt0035575,631
tt0332379,590
tt0340377,980
tt0327056,963
tt0327056,561
tt0266697,499
tt0266697,37
tt0311648,981
tt0363589,646
tt0363589,944
tt0325655,778
tt0048956,372
tt0323944,581
tt0319343,647
tt0101862,556
tt0101862,21
tt0086567,685
tt0048452,708
tt0019254,982
tt0091167,43
tt0048424,983
tt0100404,597
tt0100404,984
tt0107156,586
tt0028333,689
tt0031210,969
tt0055798,754
tt0055798,605
tt0067372,586
tt0067372,569
tt0040724,985
tt0072417,586
tt0058586,717
tt0031455,606
tt0087892,877
tt0053146,586
tt0299977,499
tt0023027,986
tt0041090,888
tt0026778,986
tt0026778,987
tt0298845,926
tt0167260,818
tt0317910,622
tt0315983,988
tt0340855,507
tt0159365,677
tt0039302,684
tt0036244,586
tt0047528,880
tt0379557,989
tt0328538,646
tt0042619,651
tt0042619,708
tt0335345,708
tt0301357,685
tt0276919,990
tt0326977,646
tt0326977,576
tt0378194,37
tt0048445,703
tt0103939,631
tt0103939,586
tt0056241,908
tt0056241,991
tt0046268,586
tt0034587,813
tt0038854,660
tt0059592,586
tt0050613,992
tt0071970,586
tt0027260,694
tt0041699,586
tt0057565,586
tt0086637,354
tt0338564,300
tt0087003,900
tt0374546,586
tt0308379,617
tt0060522,586
tt0047849,586
tt0049456,993
tt0026174,687
tt0085478,586
tt0047445,994
tt0052893,586
tt0069947,445
tt0014429,995
tt0087957,996
tt0046816,446
tt0039192,997
tt0039192,708
tt0040662,801
tt0298148,998
tt0332375,555
tt0332375,708
tt0304141,358
tt0304141,934
tt0374900,376
tt0390521,700
tt0390521,999
tt0022913,880
tt0377752,630
tt0388473,586
tt0014341,586
tt0361596,239
tt0361596,447
tt0316654,1000
tt0381681,589
tt0390221,7
tt0390221,926
tt0333766,354
tt0071115,586
tt0365748,383
tt0071877,937
tt0071877,1001
tt0071877,823
tt0089560,606
tt0390384,314
tt0340012,1002
tt0375063,1003
tt0383694,1004
tt0350258,631
tt0317705,53
tt0317705,79
tt0308644,896
tt0385004,499
tt0015881,1005
tt0027652,37
tt0031867,586
tt0032701,586
tt0040525,1006
tt0056264,994
tt0058946,586
tt0060138,1007
tt0097814,104
tt0104652,586
tt0347618,586
tt0351817,586
tt0366777,708
tt0366777,1008
tt0376968,971
tt0377091,37
tt0388789,372
tt0405159,718
tt0395169,1009
tt0367594,1010
tt0338751,631
tt0338751,1011
tt0338751,592
tt0361127,963
tt0385267,1012
tt0379889,569
tt0408664,882
tt0347149,1013
tt0347149,586
tt0072281,586
tt0375679,636
tt0121766,176
tt0121766,600
tt0352248,718
tt0410097,1014
tt0379786,1015
tt0412019,586
tt0418773,555
tt0427312,563
tt0427312,1016
tt0387131,139
tt0387131,903
tt0387131,239
tt0377107,382
tt0404030,586
tt0121164,1013
tt0399146,586
tt0380599,801
tt0379725,1017
tt0312004,1013
tt0312004,1018
tt0373469,586
tt0367089,394
tt0395972,19
tt0395972,586
tt0433383,586
tt0433383,581
tt0433383,1019
tt0433383,1020
tt0365737,586
tt0414387,586
tt0330373,358
tt0330373,934
tt0358273,1021
tt0363771,640
tt0408306,586
tt0395251,586
tt0114746,128
tt0114746,425
tt0114746,317
tt0114746,302
tt0114746,208
tt0114746,556
tt0114746,17
tt0112431,1022
tt0116483,96
tt0112508,96
tt0112508,1023
tt0111161,441
tt0083658,1024
tt0083658,428
tt0083658,68
tt0083658,1025
tt0083658,783
tt0083658,317
tt0083658,1026
tt0103064,1027
tt0102926,483
tt0102926,1028
tt0102926,44
tt0102926,354
tt0102926,319
tt0117500,1029
tt0117500,447
tt0057012,39
tt0057012,306
tt0117438,1030
tt0117438,1031
tt0117438,1032
tt0052357,478
tt0052357,424
tt0052357,60
tt0052357,1033
tt0047396,60
tt0047396,1033
tt0047396,448
tt0047396,1034
tt0047396,940
tt0053125,478
tt0053125,60
tt0043014,1035
tt0043014,592
tt0105236,357
tt0105236,1036
tt0105236,708
tt0105236,458
tt0080684,286
tt0080684,1037
tt0080684,1038
tt0080684,403
tt0080684,1039
tt0080684,25
tt0080684,51
tt0054215,346
tt0054215,60
tt0054215,617
tt0093058,1040
tt0094625,52
tt0094625,104
tt0094625,1041
tt0120844,1042
tt0120844,600
tt0120844,1043
tt0142342,96
tt0163651,1044
tt0163651,1045
tt0163651,1046
tt0163651,1047
tt0163651,1048
tt0163651,1049
tt0163651,1050
tt0163651,1051
tt0129167,52
tt0119698,80
tt0119698,68
tt0119698,85
tt0119698,106
tt0119698,137
tt0093773,461
tt0093773,1052
tt0093773,1053
tt0093773,1054
tt0093773,1055
tt0217869,68
tt0217869,1056
tt0217869,1057
tt0217869,317
tt0217869,1058
tt0261983,1059
tt0261983,354
tt0261983,319
tt0261983,1060
tt0246578,490
tt0246578,354
tt0246578,131
tt0246578,1051
tt0246578,360
tt0120912,1061
tt0120912,1062
tt0120912,51
tt0338013,365
tt0338013,1063
tt0338013,94
tt0338013,1064
tt0338013,137
tt0330793,76
tt0368447,424
tt0368447,189
tt0368447,1065
tt0317705,52
tt0317705,193
tt0360717,1066
tt0376994,1067
tt0376994,546
tt0452637,1068
tt0452637,1069
tt0452637,1070
tt0452637,1071
tt0452637,1072
tt0452637,1065
tt0452637,1073
tt0443543,1074
tt0443543,1075
tt0443543,1076
tt0443543,1073
tt0851578,366
tt0457572,383
tt0829482,389
tt0829482,376
tt0829482,1077
tt0829482,1078
tt0829482,1079
tt0829482,1080
tt0829482,1081
tt0831888,104
tt0480249,1082
tt0480249,460
tt0480249,307
tt0480249,1083
tt0480249,204
tt0480249,302
tt0480249,208
tt0480249,708
tt0480249,973
tt0467406,1077
tt0467406,1084
tt0467406,555
tt0467406,1085
tt0467406,122
tt0780536,39
tt0780536,1086
tt0780536,42
tt0780536,7
tt0780536,389
tt0780536,303
tt0780536,1087
tt0780536,89
tt0845046,1088
tt0910970,1083
tt0910970,237
tt0910970,302
tt0910970,131
tt0887883,128
tt0887883,1089
tt0887883,397
tt0887883,340
tt0887883,1090
tt0887883,1091
tt0887883,306
tt0887883,1092
tt0887883,1093
tt1155056,1094
tt1155056,222
tt1155056,1095
tt1155056,155
tt1155056,1096
tt1155056,1097
tt1155056,1098
tt1155056,418
tt1182345,1099
tt1182345,1100
tt1182345,1101
tt0458525,145
tt0458525,351
tt0458525,147
tt0458525,1102
tt0796366,783
tt0796366,1103
tt0796366,1104
tt0796366,1105
tt0796366,25
tt0796366,1106
tt0796366,176
tt0796366,1107
tt0796366,314
tt0438488,428
tt0438488,143
tt0438488,145
tt0438488,151
tt0438488,436
tt0438488,1108
tt0438488,1109
tt0438488,1110
tt0438488,208
tt0438488,298
tt0438488,25
tt0438488,51
tt0169880,1111
tt1055369,145
tt1055369,1029
tt1055369,1112
tt1055369,204
tt1055369,1113
tt1055369,1114
tt1055369,1115
tt1022603,1116
tt1022603,1117
tt1022603,357
tt1022603,1118
tt1022603,1119
tt1022603,49
tt1022603,136
tt1022603,1120
tt1136608,1121
tt0499549,1122
tt0499549,1123
tt0499549,1124
tt0499549,1125
tt0499549,446
tt0499549,1126
tt0499549,25
tt0499549,1127
tt0499549,1128
tt0499549,1129
tt1375666,366
tt1375666,137
tt0446029,1130
tt0446029,1077
tt0446029,89
tt0446029,1131
tt1401143,1132
tt1104001,1133
tt1104001,1134
tt1104001,1135
tt1104001,51
tt1104001,459
tt2582802,1136
tt2582802,368
tt2582802,319
tt2582802,950
tt2582802,403
tt2582802,480
tt0057012,1137
tt0057012,1138
tt0074119,1139
tt0086465,1140
tt0765476,1141
tt0109830,1142
tt0109830,1143
tt0109830,1144
tt0108052,464
tt0108052,1145
tt0108052,483
tt0108052,15
tt0120338,136
tt0120586,467
tt0120586,470
tt0120586,239
tt0133093,1146
tt0133093,1147
tt0180093,1148
tt0180093,354
tt0264464,1149
tt0264464,1119
tt0264464,8
tt0264464,1150
tt0264464,1151
tt0264464,56
tt0264464,1092
tt0332280,1152
tt0332280,136
tt0332280,1153
tt0765429,140
tt0765429,1154
tt0765429,13
tt0765429,102
tt0200465,571
tt0200465,1155
tt0200465,1156
tt1119646,1157
tt1119646,155
tt1119646,1
tt1119646,1158
tt1119646,1159
tt0887912,683
tt0499549,30
tt0499549,403
tt0499549,239
tt0499549,136
tt0499549,360
tt0499549,549
tt0499549,1041
tt1375666,1066
tt1375666,118
tt1375666,1160
tt1375666,1161
tt1375666,86
tt1375666,571
tt1375666,1162
tt1375666,317
tt1375666,1146
tt1375666,368
tt1375666,354
tt1375666,319
tt0840361,576
tt0840361,1163
tt0840361,136
tt0840361,1164
tt1645089,903
tt1645089,140
tt1645089,1165
tt1645089,1166
tt1645089,239
tt1645089,1167
tt0848228,1168
tt0848228,1169
tt0848228,79
tt0848228,1170
tt1615147,1171
tt1615147,1172
tt1615147,903
tt1615147,140
tt1615147,1173
tt1615147,1174
tt1615147,1175
tt1615147,319
tt1615147,1176
tt1675434,470
tt1675434,813
tt0763831,1177
tt1637725,492
tt1024648,1178
tt1024648,239
tt1024648,1179
tt2191701,96
tt1454468,1180
tt1454468,1181
tt1454468,184
tt1454468,1182
tt1454468,1183
tt1454468,117
tt1535109,1184
tt1535109,1185
tt1535109,319
tt0993846,1186
tt0993846,1176
tt1487118,277
tt0114709,1187
tt0115734,1188
tt0115734,49
tt0111507,454
tt0109830,1189
tt0109830,470
tt0109830,1190
tt0109830,1191
tt0083658,366
tt0083658,1192
tt0083658,1193
tt0057012,1194
tt0050083,512
tt0050083,1195
tt0050083,1196
tt0050083,120
tt0050083,1197
tt0050083,1198
tt0050083,1199
tt0050083,360
tt0050976,68
tt0050976,1200
tt0050976,1192
tt0050976,1193
tt0050976,1201
tt0022100,68
tt0022100,1202
tt0022100,494
tt0022100,1203
tt0022100,490
tt0022100,1204
tt0119177,1119
tt0119177,360
tt0119217,1190
tt0118789,1205
tt0118789,1206
tt0118789,1207
tt0118789,49
tt0118789,1208
tt0138704,1209
tt0138704,68
tt0138704,1200
tt0138704,1210
tt0138704,1192
tt0138704,537
tt0138704,495
tt0138704,137
tt0138704,480
tt0138704,117
tt0078480,68
tt0078480,1211
tt0118799,1189
tt0118799,470
tt0118799,1212
tt0118799,1213
tt0118799,369
tt0118799,1214
tt0118799,1215
tt0053198,470
tt0053198,1216
tt0053198,1190
tt0053198,1217
tt0053198,1201
tt0028950,1218
tt0028950,1213
tt0103905,39
tt0103905,1219
tt0103905,262
tt0103905,42
tt0103905,218
tt0103905,507
tt0097216,1220
tt0071230,218
tt0071230,1221
tt0071230,1169
tt0074486,1222
tt0074486,424
tt0074486,494
tt0074486,1223
tt0074486,262
tt0074486,483
tt0074486,366
tt0074486,1210
tt0074486,1224
tt0074486,1225
tt0074486,367
tt0074486,1226
tt0074486,491
tt0074486,1227
tt0074486,137
tt0074486,1093
tt0217869,1228
tt0118694,68
tt0118694,1229
tt0118694,1189
tt0118694,1230
tt0118694,1231
tt0118694,1232
tt0118694,1233
tt0118694,1234
tt0118694,1235
tt0118694,1236
tt0118694,1237
tt0118694,1207
tt0118694,1238
tt0118694,1239
tt0118694,1240
tt0118694,1241
tt0118694,117
tt0118694,1041
tt0209144,1200
tt0209144,366
tt0096251,68
tt0096251,1198
tt0096251,367
tt0096251,137
tt0096251,1041
tt0246578,1200
tt0246578,1210
tt0246578,317
tt0246578,1146
tt0246578,49
tt0246578,1093
tt0272338,1242
tt0272338,1243
tt0272338,1189
tt0272338,367
tt0272338,49
tt0272338,1153
tt0272338,137
tt0272338,1244
tt0272338,480
tt0272338,1245
tt0272338,1058
tt0272338,1246
tt0095327,1211
tt0095327,1218
tt0095327,1247
tt0095327,1213
tt0095327,1214
tt0095327,1248
tt0095327,1249
tt0290673,262
tt0290673,483
tt0300140,1250
tt0300140,1207
tt0300140,1153
tt0266543,1190
tt0044741,1251
tt0044741,1193
tt0044741,1213
tt0044741,1252
tt0091251,68
tt0091251,1253
tt0091251,483
tt0091251,1198
tt0091251,1254
tt0073650,1253
tt0073650,1195
tt0073650,483
tt0073650,1254
tt0073650,1255
tt0073650,1256
tt0073650,360
tt0338013,1257
tt0338013,1116
tt0338013,68
tt0338013,1211
tt0338013,1189
tt0338013,1258
tt0338013,155
tt0338013,366
tt0338013,470
tt0338013,343
tt0338013,1259
tt0338013,1260
tt0338013,1261
tt0338013,1119
tt0338013,1262
tt0338013,1207
tt0338013,1263
tt0338013,1146
tt0338013,49
tt0338013,1264
tt0338013,1240
tt0338013,1265
tt0364569,1266
tt0364569,512
tt0364569,1148
tt0364569,483
tt0364569,367
tt0364569,491
tt0364569,137
tt0364569,1267
tt0362270,1190
tt0362270,1188
tt0362270,49
tt0362270,1268
tt0362270,117
tt0362270,936
tt0098532,869
tt0422720,371
tt0422720,1217
tt0457430,68
tt0457430,1189
tt0457430,117
tt0482571,68
tt0482571,1210
tt0382932,118
tt0469494,68
tt0469494,1200
tt0469494,1269
tt0469494,1198
tt0469494,1270
tt0469494,1181
tt0469494,547
tt0469494,117
tt0808279,262
tt0808279,1119
tt0808279,360
tt0468569,262
tt0468569,1198
tt0824747,470
tt1049413,1189
tt1049413,470
tt1049413,1232
tt1049413,1191
tt0978762,1189
tt0978762,39
tt0978762,1269
tt0978762,42
tt0978762,389
tt0978762,1234
tt0978762,490
tt0978762,1193
tt0978762,1213
tt0978762,49
tt0978762,1153
tt0978762,97
tt0978762,1191
tt1375666,1200
tt1285016,120
tt1285016,1234
tt1285016,122
tt0848228,1187
tt0848228,1271
tt0848228,117
tt1748122,49
tt2125435,1229
tt2125435,470
tt2125435,1272
tt1074638,1273
tt1074638,1274
tt1074638,371
tt2084989,1116
tt2084989,1209
tt2084989,68
tt2084989,1229
tt2084989,366
tt2084989,1192
tt2370248,470
tt2370248,343
tt2370248,1190
tt2370248,490
tt2370248,1191
tt1535109,480
tt2042568,68
tt2042568,371
tt2042568,1148
tt2042568,1
tt1706620,1275
tt1490017,1276
tt1490017,118
tt1490017,1277
tt1490017,343
tt1490017,1187
tt1490017,1278
tt1490017,49
tt0816692,1279
tt0816692,1280
tt0816692,360
tt0816692,117
tt1605717,1281
tt1605717,39
tt1605717,1282
tt1605717,1283
tt1605717,490
tt1605717,49
tt2582802,33
tt2582802,1118
tt2582802,1270
tt2015381,1
tt2015381,1284
tt2015381,357
tt2015381,1285
tt2737050,1189
tt2084970,33
tt2084970,1119
tt1109624,1190
tt2802144,1286
tt1392190,1211
tt1392190,371
tt1392190,117
tt4154756,1287
tt4154756,470
tt4154756,1288
tt4154756,1289
tt3501632,404
tt3501632,232
tt3501632,49
tt3501632,1245
tt3501632,1129
tt3896198,1187
tt1211837,117
tt1883180,1148
tt1883180,1290
tt3659388,1151
tt1638355,1286
tt1638355,103
tt1663202,371
tt1663202,1291
tt3397884,68
tt3397884,1292
tt3170832,379
tt3170832,1191
tt1365050,1293
tt0490215,1294
tt0490215,1193
tt0490215,360
tt0490215,1249
tt1596363,1
tt1596363,1295
tt1596363,1296
tt1179933,494
tt1179933,319
tt2057392,319
tt2057392,360
tt5247022,49
tt5247022,97
tt5247022,1290
tt4160708,1270
tt2543164,1297
tt2543164,1298
tt2543164,371
tt2543164,1299
tt2543164,1151
tt2543164,360
tt2543164,117
tt3783958,429
tt3783958,117
tt4116284,1
tt4116284,1190
tt3315342,262
tt3315342,470
tt3315342,1198
tt3315342,1232
tt3315342,1300
tt4695012,495
tt4695012,1301
tt5013056,1302
tt5013056,1118
tt5013056,480
tt1856101,68
tt1856101,1211
tt1856101,371
tt1856101,262
tt1856101,366
tt1856101,1192
tt1856101,1238
tt1856101,1193
tt5109784,1303
tt5109784,1304
tt5109784,1305
tt5580390,68
tt5580390,366
tt1485796,1306
tt0109068,277
tt0108162,1068
tt0117107,1068
tt0115857,1307
tt0106387,1308
tt0120184,1309
tt0120744,420
tt0077869,286
tt0129290,1068
tt0046534,286
tt0058461,1068
tt0242423,1068
tt0251075,1310
tt0251075,1050
tt0173840,25
tt0227445,160
tt0245844,556
tt0187738,1311
tt0187738,1312
tt0317248,1313
tt0287978,1068
tt0287978,249
tt0315327,286
tt0405422,1314
tt0405422,286
tt0405422,91
tt0405422,1315
tt0435670,1316
tt0435670,1295
tt0110413,276
tt0110413,445
tt0110413,1317
tt0110413,1318
tt0110413,140
tt0110413,576
tt0110413,483
tt0110413,1028
tt0110413,1319
tt0110413,389
tt0110413,1320
tt0110413,1321
tt0110413,1322
tt0110413,275
tt0110413,357
tt0110413,60
tt0110413,1323
tt0110413,1234
tt0110413,237
tt0110413,1324
tt0110413,1325
tt0110413,102
tt0110413,300
tt0110413,1326
tt0110413,49
tt0110413,66
tt0110413,480
tt0110413,1191
tt0110413,1058
tt0110912,1327
tt0110912,1328
tt0110912,187
tt0110912,1329
tt0110912,1330
tt0110912,1331
tt0110912,1332
tt0110912,1333
tt0110912,337
tt0110912,68
tt0110912,1334
tt0110912,1335
tt0110912,1336
tt0110912,1337
tt0110912,1338
tt0110912,1339
tt0110912,1340
tt0110912,1341
tt0110912,1342
tt0110912,1343
tt0110912,1344
tt0110912,1345
tt0110912,1346
tt0110912,23
tt0110912,1347
tt0110912,321
tt0110912,1348
tt0110912,1349
tt0110912,230
tt0110912,286
tt0110912,1350
tt0110912,1351
tt0110912,155
tt0110912,1352
tt0110912,1353
tt0110912,1354
tt0110912,576
tt0110912,1355
tt0110912,409
tt0110912,1356
tt0110912,711
tt0110912,1357
tt0110912,262
tt0110912,42
tt0110912,218
tt0110912,1052
tt0110912,1358
tt0110912,1359
tt0110912,1360
tt0110912,483
tt0110912,1028
tt0110912,1361
tt0110912,1362
tt0110912,84
tt0110912,1363
tt0110912,1364
tt0110912,1365
tt0110912,1366
tt0110912,1367
tt0110912,1368
tt0110912,1369
tt0110912,1370
tt0110912,1371
tt0110912,1187
tt0110912,1
tt0110912,12
tt0110912,710
tt0110912,1372
tt0110912,1373
tt0110912,1374
tt0110912,1375
tt0110912,1321
tt0110912,1376
tt0110912,1198
tt0110912,1053
tt0110912,1377
tt0110912,451
tt0110912,2
tt0110912,275
tt0110912,1378
tt0110912,1379
tt0110912,1380
tt0110912,60
tt0110912,1381
tt0110912,1162
tt0110912,1119
tt0110912,1270
tt0110912,1295
tt0110912,1382
tt0110912,1383
tt0110912,219
tt0110912,1384
tt0110912,1385
tt0110912,1386
tt0110912,1387
tt0110912,14
tt0110912,485
tt0110912,1388
tt0110912,1389
tt0110912,1390
tt0110912,1391
tt0110912,1392
tt0110912,1393
tt0110912,1394
tt0110912,130
tt0110912,1036
tt0110912,1395
tt0110912,1396
tt0110912,353
tt0110912,1397
tt0110912,1398
tt0110912,1399
tt0110912,1084
tt0110912,325
tt0110912,1400
tt0110912,102
tt0110912,54
tt0110912,1039
tt0110912,1401
tt0110912,1402
tt0110912,502
tt0110912,1193
tt0110912,1403
tt0110912,368
tt0110912,1404
tt0110912,49
tt0110912,1405
tt0110912,1406
tt0110912,1407
tt0110912,1408
tt0110912,1409
tt0110912,1410
tt0110912,1411
tt0110912,1412
tt0110912,1413
tt0110912,1414
tt0110912,925
tt0110912,962
tt0110912,1415
tt0110912,1416
tt0110912,193
tt0110912,283
tt0110912,306
tt0110912,1417
tt0110912,1418
tt0110912,1419
tt0110912,459
tt0110912,1420
tt0110912,466
tt0110912,1421
tt0110912,103
tt0110912,89
tt0110912,319
tt0110912,360
tt0110912,210
tt0110912,1422
tt0110912,17
tt0110912,1423
tt0110912,1058
tt0110912,1424
tt0110912,1425
tt0110912,345
tt0110912,311
tt0110912,70
tt0110912,122
tt0062622,474
tt0062622,1426
tt0062622,1427
tt0062622,428
tt0062622,68
tt0062622,371
tt0062622,286
tt0062622,1428
tt0062622,1429
tt0062622,365
tt0062622,1430
tt0062622,783
tt0062622,1123
tt0062622,60
tt0062622,485
tt0062622,1251
tt0062622,403
tt0062622,448
tt0062622,1431
tt0062622,162
tt0062622,1193
tt0062622,1432
tt0062622,1433
tt0062622,298
tt0062622,25
tt0062622,1434
tt0062622,1435
tt0062622,1436
tt0062622,459
tt0062622,1107
tt0062622,1437
tt0062622,486
tt0062622,1438
tt0062622,137
tt0062622,1439
tt0062622,1440
tt0062622,1441
tt0062622,117
tt0118715,39
tt0118715,1442
tt0118715,286
tt0118715,1443
tt0118715,155
tt0118715,576
tt0118715,1444
tt0118715,365
tt0118715,42
tt0118715,1445
tt0118715,7
tt0118715,1
tt0118715,1376
tt0118715,86
tt0118715,2
tt0118715,60
tt0118715,398
tt0118715,1446
tt0118715,1447
tt0118715,561
tt0118715,1448
tt0118715,453
tt0118715,1188
tt0118715,1449
tt0118715,49
tt0118715,1450
tt0118715,1451
tt0118715,283
tt0118715,1452
tt0118715,466
tt0118715,311
tt0137523,187
tt0137523,68
tt0137523,307
tt0137523,128
tt0137523,1453
tt0137523,1454
tt0137523,286
tt0137523,118
tt0137523,1160
tt0137523,1455
tt0137523,576
tt0137523,262
tt0137523,1456
tt0137523,483
tt0137523,1457
tt0137523,1075
tt0137523,1458
tt0137523,1321
tt0137523,114
tt0137523,1459
tt0137523,60
tt0137523,490
tt0137523,1460
tt0137523,317
tt0137523,387
tt0137523,1461
tt0137523,1462
tt0137523,1193
tt0137523,1146
tt0137523,1463
tt0137523,526
tt0137523,368
tt0137523,1464
tt0137523,49
tt0137523,1452
tt0137523,527
tt0137523,131
tt0137523,1465
tt0137523,89
tt0137523,137
tt0137523,1466
tt0137523,439
tt0137523,70
tt0109836,44
tt0117631,403
tt0057590,1467
tt0172495,1468
tt0326977,1469
tt0063611,1470
tt0104684,1471
tt0104684,1472
tt4425200,1473
